id,area_id,google_places_id,google_places_name,name,address,phone_number,url,google_maps_url,mon_opening_hours,tue_opening_hours,wed_opening_hours,thu_opening_hours,fri_opening_hours,sat_opening_hours,sun_opening_hours,latitude,longitude
1,1,ChIJT6zmuRhxA2ARF5_8ySFjEbY,places/ChIJT6zmuRhxA2ARF5_8ySFjEbY,カラオケまねきねこ 栄三丁目店,愛知県名古屋市中区栄３丁目２−３２ 第三東洋ビル,052-253-5231,https://www.karaokemanekineko.jp/locations/?id=667,https://maps.google.com/?cid=13119376186280812311,月曜日: 24 時間営業,火曜日: 24 時間営業,水曜日: 24 時間営業,木曜日: 24 時間営業,金曜日: 24 時間営業,土曜日: 24 時間営業,日曜日: 24 時間営業,35.167919,136.903726
2,1,ChIJPX6VddVwA2ARFKQKnJA_Tjk,places/ChIJPX6VddVwA2ARFKQKnJA_Tjk,カラオケまねきねこ 名古屋錦店,愛知県名古屋市中区錦３丁目８−12 1~3F,052-265-6655,https://www.karaokemanekineko.jp/locations/?id=582,https://maps.google.com/?cid=4129307798671107092,"月曜日: 0時00分～7時00分, 11時00分～7時00分",火曜日: 11時00分～7時00分,水曜日: 11時00分～7時00分,木曜日: 11時00分～7時00分,金曜日: 11時00分～0時00分,土曜日: 24 時間営業,日曜日: 24 時間営業,35.172244,136.905208
3,2,ChIJM6HZPAB3A2AR-ql9RZ-fYHA,places/ChIJM6HZPAB3A2AR-ql9RZ-fYHA,カラオケまねきねこ 名駅四丁目２号店,愛知県名古屋市中村区名駅４丁目１０−２２ 琥珀ビル 5F,052-561-5177,https://www.karaokemanekineko.jp/locations/?id=900,https://maps.google.com/?cid=8097647636426631674,月曜日: 24 時間営業,火曜日: 24 時間営業,水曜日: 24 時間営業,木曜日: 24 時間営業,金曜日: 24 時間営業,土曜日: 24 時間営業,日曜日: 24 時間営業,35.169549,136.88605
4,2,ChIJWbFsrhd3A2AREOJhbUcDMZg,places/ChIJWbFsrhd3A2AREOJhbUcDMZg,カラオケまねきねこ 名駅四丁目店,愛知県名古屋市中村区名駅４丁目１１−１ コレクトマーク名駅4丁目 11F 四丁目9,052-526-8192,https://www.karaokemanekineko.jp/locations/?id=760,https://maps.google.com/?cid=10966550172936561168,月曜日: 24 時間営業,火曜日: 24 時間営業,水曜日: 24 時間営業,木曜日: 24 時間営業,金曜日: 24 時間営業,土曜日: 24 時間営業,日曜日: 24 時間営業,35.170339,136.887195
5,3,ChIJPf5QUx5xA2ARJs4ZlRRV6A0,places/ChIJPf5QUx5xA2ARJs4ZlRRV6A0,カラオケまねきねこ 金山駅前店,愛知県名古屋市中区金山２丁目１６−２３ ＮＳビル,052-265-6505,https://www.karaokemanekineko.jp/locations/?id=792,https://maps.google.com/?cid=1002144463979138598,月曜日: 24 時間営業,火曜日: 24 時間営業,水曜日: 24 時間営業,木曜日: 24 時間営業,金曜日: 24 時間営業,土曜日: 24 時間営業,日曜日: 24 時間営業,35.144821,136.903027
6,3,ChIJSwUR1MRwA2ARTfmMrEnBzTc,places/ChIJSwUR1MRwA2ARTfmMrEnBzTc,カラオケまねきねこ 新栄店,愛知県名古屋市中区新栄１丁目１−２１,052-253-6777,https://www.karaokemanekineko.jp/locations/?id=422,https://maps.google.com/?cid=4021082564483414349,"月曜日: 0時00分～5時00分, 12時00分～5時00分",火曜日: 12時00分～5時00分,水曜日: 12時00分～5時00分,木曜日: 12時00分～5時00分,金曜日: 12時00分～0時00分,土曜日: 24 時間営業,日曜日: 24 時間営業,35.168391,136.915227
7,3,ChIJk5f_3Ld3A2ARAiI_eGAIO7k,places/ChIJk5f_3Ld3A2ARAiI_eGAIO7k,カラオケまねきねこ 名古屋中川店,愛知県名古屋市中川区中郷２丁目１５０,052-365-3060,https://www.karaokemanekineko.jp/locations/?id=258,https://maps.google.com/?cid=13347271131069882882,月曜日: 24 時間営業,火曜日: 24 時間営業,水曜日: 24 時間営業,木曜日: 24 時間営業,金曜日: 24 時間営業,土曜日: 24 時間営業,日曜日: 24 時間営業,35.138994,136.845127
8,4,ChIJNXgtRYtwA2AR0tUgtJ8j04k,places/ChIJNXgtRYtwA2AR0tUgtJ8j04k,カラオケまねきねこ 今池店,愛知県名古屋市千種区今池５丁目１−５ 名古屋センタープラザビル B1F,052-734-2011,https://www.karaokemanekineko.jp/locations/?id=427,https://maps.google.com/?cid=9931320772110898642,月曜日: 24 時間営業,火曜日: 24 時間営業,水曜日: 24 時間営業,木曜日: 24 時間営業,金曜日: 24 時間営業,土曜日: 24 時間営業,日曜日: 24 時間営業,35.168705,136.937469
9,5,ChIJ3xdde_xvA2AREzSFchlIGVQ,places/ChIJ3xdde_xvA2AREzSFchlIGVQ,カラオケまねきねこ 名古屋名東店,愛知県名古屋市名東区八前３丁目１１７,052-760-5599,https://www.karaokemanekineko.jp/locations/?id=190,https://maps.google.com/?cid=6059954047736427539,月曜日: 9時00分～2時00分,火曜日: 9時00分～2時00分,水曜日: 9時00分～2時00分,木曜日: 9時00分～2時00分,金曜日: 9時00分～5時00分,土曜日: 9時00分～5時00分,日曜日: 9時00分～2時00分,35.178723,136.984838
10,8,ChIJnZkhxpymA2AR1cE13lwVIdE,places/ChIJnZkhxpymA2AR1cE13lwVIdE,カラオケまねきねこ 尾西店,愛知県一宮市小信中島仁井西８−４,0586-63-1123,https://www.karaokemanekineko.jp/locations/?id=271,https://maps.google.com/?cid=15069349316767629781,月曜日: 24 時間営業,火曜日: 24 時間営業,水曜日: 24 時間営業,木曜日: 24 時間営業,金曜日: 24 時間営業,土曜日: 24 時間営業,日曜日: 24 時間営業,35.310739,136.75134
11,8,ChIJkfhlVqGgA2ARGnnAIGKKSEI,places/ChIJkfhlVqGgA2ARGnnAIGKKSEI,カラオケまねきねこ 一宮緑店,愛知県一宮市緑４丁目１−１,0586-26-4711,https://www.karaokemanekineko.jp/locations/?id=245,https://maps.google.com/?cid=4776219558887323930,月曜日: 24 時間営業,火曜日: 24 時間営業,水曜日: 24 時間営業,木曜日: 24 時間営業,金曜日: 24 時間営業,土曜日: 24 時間営業,日曜日: 24 時間営業,35.301415,136.820549
12,8,ChIJK_cw8T2gA2ARtZNC63tNLWU,places/ChIJK_cw8T2gA2ARtZNC63tNLWU,カラオケまねきねこ 稲沢店,愛知県稲沢市正明寺２丁目１５−５,0587-96-8111,https://www.karaokemanekineko.jp/locations/?id=403,https://maps.google.com/?cid=7290568566406026165,月曜日: 9時00分～2時00分,火曜日: 9時00分～2時00分,水曜日: 9時00分～2時00分,木曜日: 9時00分～2時00分,金曜日: 9時00分～5時00分,土曜日: 9時00分～5時00分,日曜日: 9時00分～2時00分,35.249554,136.805584
13,8,ChIJEcbdKXAJA2ARVR-nXumQBMI,places/ChIJEcbdKXAJA2ARVR-nXumQBMI,カラオケまねきねこ 江南店,愛知県江南市高屋町清水１１６,0587-51-1666,https://www.karaokemanekineko.jp/locations/?id=241,https://maps.google.com/?cid=13980458475254652757,月曜日: 9時00分～5時00分,火曜日: 9時00分～5時00分,水曜日: 9時00分～5時00分,木曜日: 9時00分～0時00分,金曜日: 24 時間営業,土曜日: 24 時間営業,日曜日: 9時00分～5時00分,35.349554,136.873719
14,8,ChIJV4lo0dIMA2AREWnRljtS2p8,places/ChIJV4lo0dIMA2AREWnRljtS2p8,カラオケまねきねこ 小牧二重堀店,愛知県小牧市二重堀 字中西浦797-1 ナフコ２Ｆ,0568-54-2025,https://www.karaokemanekineko.jp/locations/?id=398,https://maps.google.com/?cid=11518609412840319249,"月曜日: 0時00分～5時00分, 9時00分～5時00分",火曜日: 9時00分～5時00分,水曜日: 9時00分～5時00分,木曜日: 9時00分～5時00分,金曜日: 9時00分～0時00分,土曜日: 24 時間営業,日曜日: 24 時間営業,35.292547,136.933752
15,10,ChIJVXHwm1W9BGARBD1cO1aCKRM,places/ChIJVXHwm1W9BGARBD1cO1aCKRM,カラオケまねきねこ 岡崎上地店,愛知県岡崎市上地３丁目５０−２,0564-64-2223,https://www.karaokemanekineko.jp/locations/?id=734,https://maps.google.com/?cid=1380778067640466692,月曜日: 24 時間営業,火曜日: 24 時間営業,水曜日: 24 時間営業,木曜日: 24 時間営業,金曜日: 24 時間営業,土曜日: 24 時間営業,日曜日: 24 時間営業,34.911553,137.169072
16,10,ChIJ8Z184O6iBGARgnZM8fi2d8U,places/ChIJ8Z184O6iBGARgnZM8fi2d8U,カラオケまねきねこ 岡崎大樹寺店,愛知県岡崎市薮田１丁目１−１６,0564-65-8117,https://www.karaokemanekineko.jp/locations/?id=349,https://maps.google.com/?cid=14229042728016836226,月曜日: 9時00分～6時00分,火曜日: 9時00分～6時00分,水曜日: 9時00分～6時00分,木曜日: 9時00分～6時00分,金曜日: 9時00分～6時00分,土曜日: 9時00分～6時00分,日曜日: 9時00分～6時00分,34.985669,137.162936
17,10,ChIJuXsOinW_BGARYDoVR-Tu2ZM,places/ChIJuXsOinW_BGARYDoVR-Tu2ZM,カラオケまねきねこ 幸田店,愛知県額田郡幸田町深溝西池田２−３,0564-63-2855,https://www.karaokemanekineko.jp/locations/?id=506,https://maps.google.com/?cid=10653809057734146656,月曜日: 9時00分～2時00分,火曜日: 9時00分～2時00分,水曜日: 9時00分～2時00分,木曜日: 9時00分～2時00分,金曜日: 9時00分～4時00分,土曜日: 9時00分～4時00分,日曜日: 9時00分～2時00分,34.839903,137.173903
18,10,ChIJxfdLnvKbBGARNHVQbauiNWA,places/ChIJxfdLnvKbBGARNHVQbauiNWA,カラオケまねきねこ 東刈谷店,愛知県刈谷市東刈谷町３丁目１３−１１ ビクトリーパレス 2F,0566-62-6077,https://www.karaokemanekineko.jp/locations/?id=290,https://maps.google.com/?cid=6932626058563843380,月曜日: 9時00分～2時00分,火曜日: 9時00分～2時00分,水曜日: 9時00分～2時00分,木曜日: 9時00分～2時00分,金曜日: 9時00分～4時00分,土曜日: 9時00分～4時00分,日曜日: 9時00分～2時00分,34.971633,137.040275
19,10,ChIJw13E1JGfBGARTLeGnSaZ4ec,places/ChIJw13E1JGfBGARTLeGnSaZ4ec,カラオケまねきねこ 豊田インター店,愛知県豊田市深田町２丁目３９−１,0565-41-7001,https://www.karaokemanekineko.jp/locations/?id=410,https://maps.google.com/?cid=16708804483651909452,月曜日: 9時00分～6時00分,火曜日: 9時00分～6時00分,水曜日: 9時00分～6時00分,木曜日: 9時00分～6時00分,金曜日: 9時00分～0時00分,土曜日: 24 時間営業,日曜日: 24 時間営業,35.06544,137.126151
20,11,ChIJ91IL6uDIBGARSk204jqYLGU,places/ChIJ91IL6uDIBGARSk204jqYLGU,カラオケまねきねこ 豊川国府店,愛知県豊川市新栄町１丁目１７ ２F,0533-56-8470,https://www.karaokemanekineko.jp/locations/?id=499,https://maps.google.com/?cid=7290369275484982602,月曜日: 9時00分～3時00分,火曜日: 9時00分～3時00分,水曜日: 9時00分～3時00分,木曜日: 9時00分～3時00分,金曜日: 9時00分～5時00分,土曜日: 9時00分～5時00分,日曜日: 9時00分～3時00分,34.836005,137.327872
21,1,ChIJ__-bKtRwA2AR09oG0_VGy1Q,places/ChIJ__-bKtRwA2AR09oG0_VGy1Q,ジャンカラ 錦本店,愛知県名古屋市中区錦３丁目１８−20 1～3F,080-5772-3650,http://jankara.ne.jp/shop/153/,https://maps.google.com/?cid=6110055341079583443,月曜日: 10時00分～5時00分,火曜日: 10時00分～5時00分,水曜日: 10時00分～5時00分,木曜日: 10時00分～5時00分,金曜日: 10時00分～5時00分,土曜日: 10時00分～5時00分,日曜日: 10時00分～5時00分,35.170081,136.905087
22,1,ChIJVVWVc9RwA2ARad7g3KEh1YQ,places/ChIJVVWVc9RwA2ARad7g3KEh1YQ,ジャンカラ 錦店,愛知県名古屋市中区錦３丁目２４−２６ アソルティ栄 1～8F,080-5760-3868,https://jankara.ne.jp/shop/128/,https://maps.google.com/?cid=9571593562125033065,月曜日: 24 時間営業,火曜日: 24 時間営業,水曜日: 24 時間営業,木曜日: 24 時間営業,金曜日: 24 時間営業,土曜日: 24 時間営業,日曜日: 24 時間営業,35.169308,136.90585
23,2,ChIJFwNVGud2A2ARGskWPlUMDMY,places/ChIJFwNVGud2A2ARGskWPlUMDMY,ジャンカラ 名駅西口店,愛知県名古屋市中村区椿町１５−８ チトセＧＬビル 3～7F,080-5772-3627,https://jankara.ne.jp/shop/151/,https://maps.google.com/?cid=14270794879483693338,月曜日: 24 時間営業,火曜日: 24 時間営業,水曜日: 24 時間営業,木曜日: 24 時間営業,金曜日: 24 時間営業,土曜日: 24 時間営業,日曜日: 24 時間営業,35.168743,136.881487
24,2,ChIJVVWkbeZ2A2ARc1qmiuyf6q4,places/ChIJVVWkbeZ2A2ARc1qmiuyf6q4,ジャンカラ 名駅西口2号店,愛知県名古屋市中村区椿町６−３ 太陽ビル 6～7F,080-6226-5936,https://jankara.ne.jp/shop/158/,https://maps.google.com/?cid=12604062345437010547,月曜日: 11時00分～5時00分,火曜日: 11時00分～5時00分,水曜日: 11時00分～5時00分,木曜日: 11時00分～5時00分,金曜日: 11時00分～5時00分,土曜日: 11時00分～5時00分,日曜日: 11時00分～5時00分,35.170752,136.879441
25,2,ChIJ9z2jK9x2A2ARhpBfhZ5MBAc,places/ChIJ9z2jK9x2A2ARhpBfhZ5MBAc,ジャンカラ 名駅東口店,愛知県名古屋市中村区名駅４丁目１０−10番20号 コムテックタワー 5～8Ｆ,070-2317-2983,https://jankara.ne.jp/shop/188/,https://maps.google.com/?cid=505613301898514566,月曜日: 24 時間営業,火曜日: 24 時間営業,水曜日: 24 時間営業,木曜日: 24 時間営業,金曜日: 24 時間営業,土曜日: 24 時間営業,日曜日: 24 時間営業,35.169401,136.885994
26,3,ChIJ4etQTq1wA2ARxed17hurxhE,places/ChIJ4etQTq1wA2ARxed17hurxhE,ジャンカラ 金山駅北口店,愛知県名古屋市中区金山２丁目１６−２４,070-2291-0060,https://jankara.ne.jp/shop/177/,https://maps.google.com/?cid=1280899280486655941,月曜日: 24 時間営業,火曜日: 24 時間営業,水曜日: 24 時間営業,木曜日: 24 時間営業,金曜日: 24 時間営業,土曜日: 24 時間営業,日曜日: 24 時間営業,35.144916,136.902984
27,3,ChIJNWyQP7FxA2ARr8WAtwV3Knc,places/ChIJNWyQP7FxA2ARr8WAtwV3Knc,ジャンカラ 大須万松寺店,愛知県名古屋市中区大須４丁目１１−５ Z'sビル 5F|上前津駅より徒歩2分,070-2440-5516,https://jankara.ne.jp/open/217/,https://maps.google.com/?cid=8586806505972483503,月曜日: 11時00分～5時00分,火曜日: 11時00分～5時00分,水曜日: 11時00分～5時00分,木曜日: 11時00分～5時00分,金曜日: 11時00分～5時00分,土曜日: 11時00分～5時00分,日曜日: 11時00分～5時00分,35.158397,136.906286
28,3,ChIJq6qzFARxA2ARRaz-XwOEbrI,places/ChIJq6qzFARxA2ARRaz-XwOEbrI,ジャンカラ 大曽根駅前店,愛知県名古屋市北区大曽根３丁目１４−１４,090-1227-3604,https://jankara.ne.jp/shop/161/,https://maps.google.com/?cid=12857359136219638853,月曜日: 8時00分～5時00分,火曜日: 8時00分～5時00分,水曜日: 8時00分～5時00分,木曜日: 8時00分～5時00分,金曜日: 8時00分～5時00分,土曜日: 8時00分～5時00分,日曜日: 8時00分～5時00分,35.19201,136.935571
29,4,ChIJGb2z5MJ6A2AROKewtwO87c4,places/ChIJGb2z5MJ6A2AROKewtwO87c4,ジャンカラ 八事駅前店,愛知県名古屋市昭和区広路町石坂30−番,080-6239-6095,https://jankara.ne.jp/shop/197/,https://maps.google.com/?cid=14910780665446311736,月曜日: 11時00分～5時00分,火曜日: 11時00分～5時00分,水曜日: 11時00分～5時00分,木曜日: 11時00分～5時00分,金曜日: 11時00分～5時00分,土曜日: 11時00分～5時00分,日曜日: 11時00分～5時00分,35.137379,136.963189
30,4,ChIJQ3CkQHNxA2AROGWEECqGKrY,places/ChIJQ3CkQHNxA2AROGWEECqGKrY,ジャンカラ 今池駅前店,愛知県名古屋市千種区今池５丁目２−２ |地下鉄桜通線・東山線 今池駅7番出口 徒歩2分,070-2440-5525,https://jankara.ne.jp/shop/213/,https://maps.google.com/?cid=13126451579148592440,月曜日: 11時00分～5時00分,火曜日: 11時00分～5時00分,水曜日: 11時00分～5時00分,木曜日: 11時00分～5時00分,金曜日: 11時00分～5時00分,土曜日: 11時00分～5時00分,日曜日: 11時00分～5時00分,35.168646,136.937963
31,4,ChIJZ45J7QpwA2ARI3DuBQfhGNo,places/ChIJZ45J7QpwA2ARI3DuBQfhGNo,ジャンカラ 本山駅前店,愛知県名古屋市千種区末盛通５丁目１５ 新世界 4～5F,090-9251-7569,https://jankara.ne.jp/shop/140/,https://maps.google.com/?cid=15715558319989878819,月曜日: 8時00分～5時00分,火曜日: 8時00分～5時00分,水曜日: 8時00分～5時00分,木曜日: 8時00分～5時00分,金曜日: 8時00分～5時00分,土曜日: 8時00分～5時00分,日曜日: 8時00分～5時00分,35.163781,136.962864
32,5,ChIJAQBVYlR6A2AR6lNQ4ScxWRE,places/ChIJAQBVYlR6A2AR6lNQ4ScxWRE,ジャンカラ 新瑞橋駅前店,愛知県名古屋市瑞穂区洲山町２丁目３２ 新瑞ターミナルビル 2F,090-9251-7505,https://jankara.ne.jp/shop/139/,https://maps.google.com/?cid=1250084418925646826,月曜日: 8時00分～5時00分,火曜日: 8時00分～5時00分,水曜日: 8時00分～5時00分,木曜日: 8時00分～5時00分,金曜日: 8時00分～5時00分,土曜日: 8時00分～5時00分,日曜日: 8時00分～5時00分,35.117539,136.937727
33,5,ChIJKd4bV4JlA2AR38sbBszYv6Y,places/ChIJKd4bV4JlA2AR38sbBszYv6Y,ジャンカラ 藤が丘駅前店,愛知県名古屋市名東区藤見が丘１０ サンフジガオカビル 1～3F,090-8209-7608,https://jankara.ne.jp/shop/136/,https://maps.google.com/?cid=12015560701635185631,月曜日: 11時00分～5時00分,火曜日: 11時00分～5時00分,水曜日: 11時00分～5時00分,木曜日: 11時00分～5時00分,金曜日: 11時00分～5時00分,土曜日: 11時00分～5時00分,日曜日: 11時00分～5時00分,35.181748,137.021347
34,10,ChIJBREqw3edBGARW2LLV8LZF2w,places/ChIJBREqw3edBGARW2LLV8LZF2w,ジャンカラ 刈谷駅前店,愛知県刈谷市桜町２丁目1−4 2～4F,070-2440-5510,https://jankara.ne.jp/shop/221/,https://maps.google.com/?cid=7788933509280391771,月曜日: 11時00分～5時00分,火曜日: 11時00分～5時00分,水曜日: 11時00分～5時00分,木曜日: 11時00分～5時00分,金曜日: 11時00分～5時00分,土曜日: 11時00分～5時00分,日曜日: 11時00分～5時00分,34.992949,137.00908
35,2,ChIJAQA3A-h2A2AROvZE03wf6zc,places/ChIJAQA3A-h2A2AROvZE03wf6zc,カラオケ JOYSOUND 名駅二丁目店,愛知県名古屋市中村区名駅２丁目４５−１１ サンサン名駅ビル １Ｆ,052-589-3210,https://shop.joysound.com/shop/joysound-meieki2chome/,https://maps.google.com/?cid=4029348912593958458,月曜日: 7時00分～5時00分,火曜日: 7時00分～5時00分,水曜日: 7時00分～5時00分,木曜日: 7時00分～5時00分,金曜日: 7時00分～5時00分,土曜日: 7時00分～5時00分,日曜日: 7時00分～5時00分,35.172996,136.883239
36,2,ChIJMZdSqip3A2ARM0oRWNmmngI,places/ChIJMZdSqip3A2ARM0oRWNmmngI,カラオケ JOYSOUND 名駅太閤口店,愛知県名古屋市中村区椿町５−１０ ＣＯＲＥｍｅｉｅｋｉ３Ｆ,052-453-7373,https://shop.joysound.com/shop/joysound-meiekitaikouguchi/,https://maps.google.com/?cid=188771686811781683,月曜日: 11時00分～5時00分,火曜日: 11時00分～5時00分,水曜日: 11時00分～5時00分,木曜日: 11時00分～5時00分,金曜日: 11時00分～5時00分,土曜日: 11時00分～5時00分,日曜日: 11時00分～5時00分,35.170004,136.878918
37,2,ChIJn_jg-553A2ARaMYpsBmci3A,places/ChIJn_jg-553A2ARaMYpsBmci3A,カラオケ JOYSOUND 名駅三丁目中央店,愛知県名古屋市中村区名駅３丁目１５−８ ７Ｆ,052-564-7015,https://shop.joysound.com/shop/joysound-meieki3chomechuo/,https://maps.google.com/?cid=8109747188154353256,月曜日: 17時00分～5時00分,火曜日: 17時00分～5時00分,水曜日: 17時00分～5時00分,木曜日: 17時00分～5時00分,金曜日: 17時00分～5時00分,土曜日: 14時00分～5時00分,日曜日: 14時00分～5時00分,35.172869,136.88484
38,2,ChIJm0CnVpJ3A2ARCZovIThtsgY,places/ChIJm0CnVpJ3A2ARCZovIThtsgY,カラオケ JOYSOUND 名駅三丁目店,愛知県名古屋市中村区名駅３丁目１４−６ コレクトマーク ７Ｆ,052-551-2556,https://shop.joysound.com/shop/joysound-meieki3chome/,https://maps.google.com/?cid=482568197924428297,月曜日: 11時00分～5時00分,火曜日: 11時00分～5時00分,水曜日: 11時00分～5時00分,木曜日: 11時00分～5時00分,金曜日: 11時00分～5時00分,土曜日: 11時00分～5時00分,日曜日: 11時00分～5時00分,35.172627,136.883948
39,3,ChIJpTqd0VdxA2ARvwWJczv3wvs,places/ChIJpTqd0VdxA2ARvwWJczv3wvs,カラオケ JOYSOUND ゆう遊空間萩野通店,愛知県名古屋市北区萩野通２丁目１９−１,052-508-9913,https://shop.joysound.com/shop/joysound-haginodori/,https://maps.google.com/?cid=18141334083715270079,月曜日: 24 時間営業,火曜日: 24 時間営業,水曜日: 24 時間営業,木曜日: 24 時間営業,金曜日: 24 時間営業,土曜日: 24 時間営業,日曜日: 24 時間営業,35.210973,136.910421
40,6,ChIJdVXWA1N3A2ARG75peVt5IfY,places/ChIJdVXWA1N3A2ARG75peVt5IfY,カラオケ JOYSOUND 金山店,愛知県名古屋市熱田区金山町１丁目５−５ １Ｆ,052-678-7770,https://shop.joysound.com/shop/joysound-kanayama/,https://maps.google.com/?cid=17735590241347681819,月曜日: 8時30分～5時00分,火曜日: 8時30分～5時00分,水曜日: 8時30分～5時00分,木曜日: 8時30分～5時00分,金曜日: 8時30分～5時00分,土曜日: 8時30分～5時00分,日曜日: 8時30分～5時00分,35.141866,136.900734
41,2,ChIJl4DrTrB3A2ARoJU0sh6hzuA,places/ChIJl4DrTrB3A2ARoJU0sh6hzuA,カラオケBanBan 名古屋太閤口店,愛知県名古屋市中村区椿町３−１９ ウイングビル ５Ｆ･６Ｆ,050-3134-0750,https://karaoke-shin.jp/shop-list/385.html,https://maps.google.com/?cid=16199062062909134240,月曜日: 10時00分～5時00分,火曜日: 10時00分～5時00分,水曜日: 10時00分～5時00分,木曜日: 10時00分～5時00分,金曜日: 10時00分～6時00分,土曜日: 10時00分～6時00分,日曜日: 10時00分～5時00分,35.171496,136.878703
42,4,ChIJ97LA44V6A2ARYkd36OAUTNI,places/ChIJ97LA44V6A2ARYkd36OAUTNI,カラオケBanBan 川名店,愛知県名古屋市昭和区檀溪通１丁目１５−４,050-3134-0728,https://karaoke-shin.jp/shop-list/357.html,https://maps.google.com/?cid=15153509802400237410,月曜日: 10時00分～5時00分,火曜日: 10時00分～5時00分,水曜日: 10時00分～5時00分,木曜日: 10時00分～5時00分,金曜日: 10時00分～5時00分,土曜日: 10時00分～5時00分,日曜日: 10時00分～5時00分,35.147279,136.946856
43,4,ChIJsZdEFMVkA2AR7KBKPEl0hm4,places/ChIJsZdEFMVkA2AR7KBKPEl0hm4,カラオケBanBan 天白植田店,愛知県名古屋市天白区植田３丁目５０７,050-3134-0727,https://karaoke-shin.jp/shop-list/356.html,https://maps.google.com/?cid=7964180848944259308,月曜日: 9時00分～5時00分,火曜日: 9時00分～5時00分,水曜日: 9時00分～5時00分,木曜日: 9時00分～5時00分,金曜日: 9時00分～5時00分,土曜日: 9時00分～5時00分,日曜日: 9時00分～5時00分,35.129026,136.991661
44,7,ChIJJ26GlJxiA2ARcMaXeeyrPvU,places/ChIJJ26GlJxiA2ARcMaXeeyrPvU,カラオケBanBan 豊明店,愛知県豊明市阿野町明定33,050-3134-0576,https://karaoke-shin.jp/shop-list/135.html,https://maps.google.com/?cid=17671751019989026416,"月曜日: 0時00分～5時00分, 9時00分～5時00分",火曜日: 9時00分～5時00分,水曜日: 9時00分～5時00分,木曜日: 9時00分～5時00分,金曜日: 9時00分～0時00分,土曜日: 24 時間営業,日曜日: 24 時間営業,35.04204,137.00824
45,8,ChIJ9xS1EaGgA2ARkEPwHDqV1h4,places/ChIJ9xS1EaGgA2ARkEPwHDqV1h4,カラオケBanBan 一宮店,愛知県一宮市緑４丁目２−９,050-3134-0854,https://karaoke-shin.jp/shop-list/610.html,https://maps.google.com/?cid=2222127542980068240,月曜日: 9時00分～5時00分,火曜日: 9時00分～5時00分,水曜日: 9時00分～5時00分,木曜日: 9時00分～5時00分,金曜日: 9時00分～5時00分,土曜日: 9時00分～5時00分,日曜日: 9時00分～5時00分,35.300872,136.82208
46,8,ChIJtb-SpPBtA2ARA_vIVGH5hLM,places/ChIJtb-SpPBtA2ARA_vIVGH5hLM,カラオケBanBan 春日井店,愛知県春日井市浅山町１丁目３−６０,050-3134-0601,https://karaoke-shin.jp/shop-list/179.html,https://maps.google.com/?cid=12935738226144508675,月曜日: 10時00分～5時00分,火曜日: 10時00分～5時00分,水曜日: 10時00分～5時00分,木曜日: 10時00分～5時00分,金曜日: 10時00分～5時00分,土曜日: 10時00分～5時00分,日曜日: 10時00分～5時00分,35.254066,136.986254
47,10,ChIJIVkZntO8BGARBXzIzCpqaO8,places/ChIJIVkZntO8BGARBXzIzCpqaO8,カラオケBanBan 岡崎稲熊町店,愛知県岡崎市稲熊町１丁目２３,050-3134-0713,https://karaoke-shin.jp/shop-list/338.html,https://maps.google.com/?cid=17251155104699546629,月曜日: 10時00分～5時00分,火曜日: 10時00分～5時00分,水曜日: 10時00分～5時00分,木曜日: 10時00分～5時00分,金曜日: 10時00分～5時00分,土曜日: 10時00分～5時00分,日曜日: 10時00分～5時00分,34.96757,137.181109
48,10,ChIJT2a29wmYBGARZoGmryUP4kw,places/ChIJT2a29wmYBGARZoGmryUP4kw,カラオケBanBan 岡崎矢作町店,愛知県岡崎市矢作町小河原３３−２２ 2F,050-3134-0705,https://karaoke-shin.jp/shop-list/328.html,https://maps.google.com/?cid=5540007146154262886,月曜日: 10時00分～5時00分,火曜日: 10時00分～5時00分,水曜日: 10時00分～5時00分,木曜日: 10時00分～5時00分,金曜日: 10時00分～5時00分,土曜日: 10時00分～5時00分,日曜日: 10時00分～5時00分,34.963437,137.135459
49,10,ChIJDWKO3sdfA2ARvgF5KapjH4A,places/ChIJDWKO3sdfA2ARvgF5KapjH4A,カラオケBanBan 伊保店,愛知県豊田市伊保町的場２０−１,050-3134-0555,https://karaoke-shin.jp/shop-list/090.html,https://maps.google.com/?cid=9232207343624192446,月曜日: 10時00分～5時00分,火曜日: 10時00分～5時00分,水曜日: 10時00分～5時00分,木曜日: 10時00分～5時00分,金曜日: 10時00分～5時00分,土曜日: 10時00分～5時00分,日曜日: 10時00分～5時00分,35.129259,137.154299
50,11,ChIJd3Rc1UvSBGARw-QfpwdCb-o,places/ChIJd3Rc1UvSBGARw-QfpwdCb-o,カラオケBanBan 豊橋小松町店,愛知県豊橋市小松町１６３−２,050-3134-0823,https://karaoke-shin.jp/shop-list/467.html,https://maps.google.com/?cid=16892793327926109379,月曜日: 10時00分～5時00分,火曜日: 10時00分～5時00分,水曜日: 10時00分～5時00分,木曜日: 10時00分～5時00分,金曜日: 10時00分～5時00分,土曜日: 10時00分～5時00分,日曜日: 10時00分～5時00分,34.740369,137.392726
51,12,ChIJkch2o_SABGAREXyYy_bXH3o,places/ChIJkch2o_SABGAREXyYy_bXH3o,カラオケBanBan 常滑店,愛知県常滑市金山大曽３６−１,050-3134-0815,https://karaoke-shin.jp/shop-list/458.html,https://maps.google.com/?cid=8799989651882933265,月曜日: 10時00分～2時00分,火曜日: 10時00分～2時00分,水曜日: 10時00分～2時00分,木曜日: 10時00分～2時00分,金曜日: 10時00分～5時00分,土曜日: 10時00分～5時00分,日曜日: 10時00分～2時00分,34.927125,136.845676
52,12,ChIJX5ifxLyFBGARXHyYj5iTpeM,places/ChIJX5ifxLyFBGARXHyYj5iTpeM,カラオケBanBan 武豊店,愛知県知多郡武豊町平井２丁目８０,050-3134-0910,https://karaoke-shin.jp/shop-list/685.html,https://maps.google.com/?cid=16403679501220346972,月曜日: 10時00分～5時00分,火曜日: 10時00分～5時00分,水曜日: 10時00分～5時00分,木曜日: 10時00分～5時00分,金曜日: 10時00分～5時00分,土曜日: 10時00分～5時00分,日曜日: 10時00分～5時00分,34.863466,136.911277
53,1,ChIJJdJ-EE53A2ARY4h75XkMG20,places/ChIJJdJ-EE53A2ARY4h75XkMG20,カラオケ ビッグエコー 名古屋伏見本店,愛知県名古屋市中区栄１丁目４−５ CForestIXビル 2F,052-684-4553,https://big-echo.jp/shop_info/%E5%90%8D%E5%8F%A4%E5%B1%8B%E4%BC%8F%E8%A6%8B%E6%9C%AC%E5%BA%97,https://maps.google.com/?cid=7861891292185987171,月曜日: 12時00分～5時00分,火曜日: 12時00分～5時00分,水曜日: 12時00分～5時00分,木曜日: 12時00分～5時00分,金曜日: 12時00分～5時00分,土曜日: 12時00分～5時00分,日曜日: 12時00分～5時00分,35.167831,136.895575
54,1,ChIJz3wNlyl3A2ARvinXcGHPDvo,places/ChIJz3wNlyl3A2ARvinXcGHPDvo,カラオケ ビッグエコー 名古屋伏見店,愛知県名古屋市中区栄１丁目５−５ 広小路伏見ビル 2F,052-218-8455,https://big-echo.jp/shop_info/%E3%83%93%E3%83%83%E3%82%B0%E3%82%A8%E3%82%B3%E3%83%BC%E5%90%8D%E5%8F%A4%E5%B1%8B%E4%BC%8F%E8%A6%8B%E5%BA%97,https://maps.google.com/?cid=18018567176567859646,月曜日: 18時00分～5時00分,火曜日: 18時00分～5時00分,水曜日: 18時00分～5時00分,木曜日: 18時00分～5時00分,金曜日: 18時00分～5時00分,土曜日: 14時00分～5時00分,日曜日: 14時00分～23時00分,35.167901,136.896964
55,1,ChIJd0Q5XtBwA2ARwa5rX4UQK-k,places/ChIJd0Q5XtBwA2ARwa5rX4UQK-k,カラオケ ビッグエコー 広小路店,愛知県名古屋市中区栄４丁目２−５,052-261-5575,https://big-echo.jp/shop_info/%E3%83%93%E3%83%83%E3%82%B0%E3%82%A8%E3%82%B3%E3%83%BC%E5%BA%83%E5%B0%8F%E8%B7%AF%E5%BA%97,https://maps.google.com/?cid=16801540999853354689,月曜日: 11時00分～5時30分,火曜日: 11時00分～5時30分,水曜日: 11時00分～5時30分,木曜日: 11時00分～5時30分,金曜日: 11時00分～5時30分,土曜日: 11時00分～5時30分,日曜日: 11時00分～5時30分,35.169002,136.911216
56,1,ChIJIys6atRwA2ARvPjjOX6a-7A,places/ChIJIys6atRwA2ARvPjjOX6a-7A,カラオケ ビッグエコー 名古屋錦通り店,愛知県名古屋市中区錦３丁目１７−１８ ＤＫＮＮビル,052-959-3001,https://big-echo.jp/shop_info/%E3%83%93%E3%83%83%E3%82%B0%E3%82%A8%E3%82%B3%E3%83%BC%E5%90%8D%E5%8F%A4%E5%B1%8B%E9%8C%A6%E9%80%9A%E3%82%8A%E5%BA%97,https://maps.google.com/?cid=12752956636757489852,月曜日: 9時00分～6時00分,火曜日: 9時00分～6時00分,水曜日: 9時00分～6時00分,木曜日: 9時00分～6時00分,金曜日: 9時00分～6時00分,土曜日: 9時00分～6時00分,日曜日: 9時00分～6時00分,35.170061,136.906261
57,2,ChIJJxTzKN12A2ARSBIYv9PA05c,places/ChIJJxTzKN12A2ARSBIYv9PA05c,カラオケ ビッグエコー 名駅3丁目店,愛知県名古屋市中村区名駅３丁目１６−１６ DK名古屋駅前ビル,052-569-2400,https://big-echo.jp/shop_info/%E3%83%93%E3%83%83%E3%82%B0%E3%82%A8%E3%82%B3%E3%83%BC%E5%90%8D%E9%A7%853%E4%B8%81%E7%9B%AE%E5%BA%97,https://maps.google.com/?cid=10940299935489725000,月曜日: 9時00分～6時00分,火曜日: 9時00分～6時00分,水曜日: 9時00分～6時00分,木曜日: 9時00分～6時00分,金曜日: 9時00分～6時00分,土曜日: 9時00分～6時00分,日曜日: 9時00分～6時00分,35.172743,136.885287
58,2,ChIJx6OP7t52A2ARTdaQPQkZ-aw,places/ChIJx6OP7t52A2ARTdaQPQkZ-aw,カラオケ ビッグエコー 名駅笹島交差点前店,愛知県名古屋市中村区名駅４丁目２６−１２ 笹島ビル DK,052-589-1522,https://big-echo.jp/shop_info/%E3%82%AB%E3%83%A9%E3%82%AA%E3%82%B1-%E3%83%93%E3%83%83%E3%82%B0%E3%82%A8%E3%82%B3%E3%83%BC%E5%90%8D%E9%A7%85%E7%AC%B9%E5%B3%B6%E4%BA%A4%E5%B7%AE%E7%82%B9%E5%89%8D%E5%BA%97,https://maps.google.com/?cid=12464020971202860621,月曜日: 11時00分～5時00分,火曜日: 11時00分～5時00分,水曜日: 11時00分～5時00分,木曜日: 11時00分～5時00分,金曜日: 11時00分～5時00分,土曜日: 10時00分～5時00分,日曜日: 10時00分～5時00分,35.168136,136.886667
59,2,ChIJFayjMtx2A2ARE1h1f0STA3Y,places/ChIJFayjMtx2A2ARE1h1f0STA3Y,カラオケ ビッグエコー 名駅4丁目2号店,愛知県名古屋市中村区名駅４丁目４−１８ 泰生ビル ７階,052-533-0530,https://big-echo.jp/shop_info/%E3%82%AB%E3%83%A9%E3%82%AA%E3%82%B1-%E3%83%93%E3%83%83%E3%82%B0%E3%82%A8%E3%82%B3%E3%83%BC%E5%90%8D%E9%A7%85%EF%BC%94%E4%B8%81%E7%9B%AE%EF%BC%92%E5%8F%B7%E5%BA%97,https://maps.google.com/?cid=8503802443811084307,月曜日: 11時00分～0時00分,火曜日: 11時00分～0時00分,水曜日: 11時00分～0時00分,木曜日: 11時00分～0時00分,金曜日: 11時00分～5時00分,土曜日: 11時00分～5時00分,日曜日: 11時00分～0時00分,35.169833,136.885938
60,2,ChIJ2fk7U9x2A2AR7hwbjIR6-ds,places/ChIJ2fk7U9x2A2AR7hwbjIR6-ds,カラオケ ビッグエコー 名駅４丁目店,愛知県名古屋市中村区名駅４丁目５−１８ westビル コスモス,052-533-0050,https://big-echo.jp/shop_info/%E3%83%93%E3%83%83%E3%82%B0%E3%82%A8%E3%82%B3%E3%83%BC%E5%90%8D%E9%A7%854%E4%B8%81%E7%9B%AE%E5%BA%97,https://maps.google.com/?cid=15850835073212030190,月曜日: 10時00分～5時00分,火曜日: 10時00分～5時00分,水曜日: 10時00分～5時00分,木曜日: 10時00分～5時00分,金曜日: 10時00分～6時00分,土曜日: 10時00分～6時00分,日曜日: 10時00分～5時00分,35.170952,136.885973
61,3,ChIJz-1NmpRzA2AR53rUrwf5f5I,places/ChIJz-1NmpRzA2AR53rUrwf5f5I,カラオケ ビッグエコー 名古屋楠インター店,愛知県名古屋市北区会所町７４−１,052-901-7730,https://big-echo.jp/shop_info/%E5%90%8D%E5%8F%A4%E5%B1%8B%E6%A5%A0%E3%82%A4%E3%83%B3%E3%82%BF%E3%83%BC%E5%BA%97,https://maps.google.com/?cid=10556429862989757159,月曜日: 10時00分～3時00分,火曜日: 10時00分～3時00分,水曜日: 10時00分～3時00分,木曜日: 10時00分～3時00分,金曜日: 10時00分～5時00分,土曜日: 9時00分～5時00分,日曜日: 9時00分～3時00分,35.239858,136.90859
62,5,ChIJ_8t0CnBlA2AR3akWRmrPIF4,places/ChIJ_8t0CnBlA2AR3akWRmrPIF4,カラオケ ビッグエコー 名東店,愛知県名古屋市名東区上社２丁目２１５,052-775-1344,https://big-echo.jp/shop_info/%E3%83%93%E3%83%83%E3%82%B0%E3%82%A8%E3%82%B3%E3%83%BC%E5%90%8D%E6%9D%B1%E5%BA%97/,https://maps.google.com/?cid=6782649094169340381,月曜日: 10時00分～5時00分,火曜日: 10時00分～5時00分,水曜日: 10時00分～5時00分,木曜日: 10時00分～5時00分,金曜日: 10時00分～5時00分,土曜日: 10時00分～5時00分,日曜日: 10時00分～5時00分,35.174597,137.010645
63,6,ChIJNeppXCh4A2ARLIzoo1XuSqI,places/ChIJNeppXCh4A2ARLIzoo1XuSqI,カラオケ ビックエコー 港入場店,愛知県名古屋市港区入場１丁目１２０２,052-364-7881,https://big-echo.jp/shop_info/%E3%83%93%E3%83%83%E3%82%B0%E3%82%A8%E3%82%B3%E3%83%BC%E6%B8%AF%E5%85%A5%E5%A0%B4%E5%BA%97/,https://maps.google.com/?cid=11694421434010471468,月曜日: 11時00分～2時00分,火曜日: 11時00分～2時00分,水曜日: 11時00分～2時00分,木曜日: 11時00分～2時00分,金曜日: 11時00分～5時00分,土曜日: 10時00分～5時00分,日曜日: 10時00分～0時00分,35.113581,136.855789
64,7,ChIJF0NBtyyaA2ARRIw5i0cM4eU,places/ChIJF0NBtyyaA2ARRIw5i0cM4eU,カラオケ ビッグエコー 弥富店,愛知県弥富市五明町内川平外２１１６−１,0567-66-0277,https://big-echo.jp/shop_info/%E3%83%93%E3%83%83%E3%82%B0%E3%82%A8%E3%82%B3%E3%83%BC%E5%BC%A5%E5%AF%8C%E5%BA%97,https://maps.google.com/?cid=16564534405863410756,月曜日: 10時00分～1時00分,火曜日: 10時00分～1時00分,水曜日: 10時00分～1時00分,木曜日: 10時00分～1時00分,金曜日: 10時00分～5時00分,土曜日: 10時00分～5時00分,日曜日: 10時00分～1時00分,35.11603,136.716295
65,8,ChIJkXx0PBpyA2ARxz4ysOZpZG0,places/ChIJkXx0PBpyA2ARxz4ysOZpZG0,カラオケ ビッグエコー 春日井店,愛知県春日井市鳥居松町２丁目５,0568-82-8022,https://big-echo.jp/shop_info/%E3%83%93%E3%83%83%E3%82%B0%E3%82%A8%E3%82%B3%E3%83%BC%E6%98%A5%E6%97%A5%E4%BA%95%E5%BA%97,https://maps.google.com/?cid=7882541687324688071,月曜日: 10時00分～2時00分,火曜日: 10時00分～2時00分,水曜日: 10時00分～2時00分,木曜日: 10時00分～2時00分,金曜日: 10時00分～5時00分,土曜日: 9時00分～5時00分,日曜日: 9時00分～2時00分,35.243742,136.966738
66,8,ChIJRcNGmElzA2ARF4DjiQyIOtI,places/ChIJRcNGmElzA2ARF4DjiQyIOtI,カラオケ ビッグエコー 小牧店,愛知県小牧市常普請３丁目２００,0568-71-1115,https://big-echo.jp/shop_info/%E3%82%AB%E3%83%A9%E3%82%AA%E3%82%B1-%E3%83%93%E3%83%83%E3%82%B0%E3%82%A8%E3%82%B3%E3%83%BC%E5%B0%8F%E7%89%A7%E5%BA%97,https://maps.google.com/?cid=15148569884048457751,月曜日: 10時00分～2時00分,火曜日: 10時00分～2時00分,水曜日: 10時00分～2時00分,木曜日: 10時00分～2時00分,金曜日: 10時00分～5時00分,土曜日: 10時00分～5時00分,日曜日: 10時00分～2時00分,35.282127,136.920327
67,8,ChIJAQBQkzgMA2ARUOhyEKCDL6s,places/ChIJAQBQkzgMA2ARUOhyEKCDL6s,カラオケ ビッグエコー 大口店,愛知県丹羽郡大口町上小口２丁目１５６−１ 名紳 2階,0587-81-4556,https://big-echo.jp/shop_info/%E3%82%AB%E3%83%A9%E3%82%AA%E3%82%B1-%E3%83%93%E3%83%83%E3%82%B0%E3%82%A8%E3%82%B3%E3%83%BC%E5%A4%A7%E5%8F%A3%E5%BA%97,https://maps.google.com/?cid=12335222627885049936,月曜日: 10時00分～1時00分,火曜日: 10時00分～1時00分,水曜日: 10時00分～1時00分,木曜日: 10時00分～1時00分,金曜日: 10時00分～4時00分,土曜日: 10時00分～4時00分,日曜日: 10時00分～1時00分,35.346072,136.92871
68,8,ChIJnxyic_VyA2ARTroobXk8zUM,places/ChIJnxyic_VyA2ARTroobXk8zUM,カラオケ ビッグエコー 春日井坂下店,愛知県春日井市上野町２０７−１,0568-88-7611,https://big-echo.jp/shop_info/%E3%82%AB%E3%83%A9%E3%82%AA%E3%82%B1-%E3%83%93%E3%83%83%E3%82%B0%E3%82%A8%E3%82%B3%E3%83%BC-%E6%98%A5%E6%97%A5%E4%BA%95%E5%9D%82%E4%B8%8B%E5%BA%97,https://maps.google.com/?cid=4885627662986951246,月曜日: 9時00分～1時00分,火曜日: 9時00分～1時00分,水曜日: 9時00分～1時00分,木曜日: 9時00分～1時00分,金曜日: 9時00分～5時00分,土曜日: 9時00分～5時00分,日曜日: 9時00分～1時00分,35.28387,137.021539
69,8,ChIJwaGh5cKhA2AR94yvs1GoIJc,places/ChIJwaGh5cKhA2AR94yvs1GoIJc,カラオケ ビッグエコー 一宮店,愛知県一宮市末広３丁目１２−３,0586-48-5311,https://big-echo.jp/shop_info/%E4%B8%80%E5%AE%AE%E5%BA%97,https://maps.google.com/?cid=10889888967842303223,月曜日: 9時00分～2時00分,火曜日: 9時00分～2時00分,水曜日: 9時00分～2時00分,木曜日: 9時00分～2時00分,金曜日: 9時00分～5時00分,土曜日: 9時00分～5時00分,日曜日: 9時00分～2時00分,35.296952,136.785741
70,10,ChIJJy_D50CgBGARMTqFWRaSags,places/ChIJJy_D50CgBGARMTqFWRaSags,カラオケ ビッグエコー 豊田店,愛知県豊田市元城町４丁目２６,0565-31-7511,https://big-echo.jp/shop_info/%E3%83%93%E3%83%83%E3%82%B0%E3%82%A8%E3%82%B3%E3%83%BC%E8%B1%8A%E7%94%B0%E5%BA%97,https://maps.google.com/?cid=822630506637376049,月曜日: 9時00分～2時00分,火曜日: 9時00分～2時00分,水曜日: 9時00分～2時00分,木曜日: 9時00分～2時00分,金曜日: 9時00分～5時00分,土曜日: 9時00分～5時00分,日曜日: 9時00分～0時00分,35.082609,137.157577
71,11,ChIJ-x9o8B_SBGAR4fdDQpSNf3c,places/ChIJ-x9o8B_SBGAR4fdDQpSNf3c,カラオケ ビッグエコー 豊橋藤沢店,愛知県豊橋市藤沢町 83_ 2階,0532-38-9355,https://big-echo.jp/shop_info/%E3%83%93%E3%83%83%E3%82%B0%E3%82%A8%E3%82%B3%E3%83%BC%E8%B1%8A%E6%A9%8B%E8%97%A4%E6%B2%A2%E5%BA%97,https://maps.google.com/?cid=8610756680462104545,月曜日: 10時00分～1時00分,火曜日: 10時00分～1時00分,水曜日: 10時00分～1時00分,木曜日: 10時00分～1時00分,金曜日: 10時00分～5時00分,土曜日: 10時00分～5時00分,日曜日: 10時00分～1時00分,34.745247,137.371338
72,12,ChIJGzz2CliDBGARjD8AT7mZ8Dc,places/ChIJGzz2CliDBGARjD8AT7mZ8Dc,カラオケ ビッグエコー 東浦駅前店,愛知県知多郡東浦町藤江大坪５８−１,0562-82-2855,https://big-echo.jp/shop_info/%E3%83%93%E3%83%83%E3%82%B0%E3%82%A8%E3%82%B3%E3%83%BC%E6%9D%B1%E6%B5%A6%E9%A7%85%E5%89%8D%E5%BA%97/,https://maps.google.com/?cid=4030890687670009740,月曜日: 10時00分～2時00分,火曜日: 10時00分～2時00分,水曜日: 10時00分～2時00分,木曜日: 10時00分～2時00分,金曜日: 10時00分～5時00分,土曜日: 10時00分～5時00分,日曜日: 10時00分～0時00分,34.949939,136.969736
73,12,ChIJ5xETqkmEBGARmudu6ZRY6oQ,places/ChIJ5xETqkmEBGARmudu6ZRY6oQ,カラオケ ビッグエコー 半田店,愛知県半田市出口町１丁目１５１,0569-26-2771,https://big-echo.jp/shop_info/%E3%83%93%E3%83%83%E3%82%B0%E3%82%A8%E3%82%B3%E3%83%BC%E5%8D%8A%E7%94%B0%E5%BA%97/,https://maps.google.com/?cid=9577564954151544730,月曜日: 9時00分～2時00分,火曜日: 9時00分～2時00分,水曜日: 9時00分～2時00分,木曜日: 9時00分～2時00分,金曜日: 9時00分～5時00分,土曜日: 9時00分～5時00分,日曜日: 9時00分～2時00分,34.900472,136.924643
74,1,ChIJgzPFadRwA2ARP2Z0MoXePRQ,places/ChIJgzPFadRwA2ARP2Z0MoXePRQ,カラオケ館 錦本店,愛知県名古屋市中区錦３丁目１７−２０ Ｂ＆Ｖ名古屋ビル 名古屋,052-955-6011,https://karaokekan.jp/shop/detail/163,https://maps.google.com/?cid=1458566517996414527,月曜日: 9時00分～6時00分,火曜日: 9時00分～6時00分,水曜日: 9時00分～6時00分,木曜日: 9時00分～6時00分,金曜日: 9時00分～6時00分,土曜日: 9時00分～8時00分,日曜日: 9時00分～6時00分,35.170031,136.906069
75,1,ChIJTVIlE9NwA2AROs8qfw-HEtw,places/ChIJTVIlE9NwA2AROs8qfw-HEtw,カラオケ館 プリンセス大通り店,愛知県名古屋市中区栄３丁目９−１３ 名古屋栄B&Vビル,052-249-5477,https://karaokekan.jp/shop/detail/164,https://maps.google.com/?cid=15857885738552708922,月曜日: 13時00分～6時00分,火曜日: 13時00分～6時00分,水曜日: 13時00分～6時00分,木曜日: 13時00分～6時00分,金曜日: 13時00分～6時00分,土曜日: 11時00分～6時00分,日曜日: 11時00分～6時00分,35.167272,136.90455
76,2,ChIJDyVvGgt3A2ARyIl529Yy82Q,places/ChIJDyVvGgt3A2ARyIl529Yy82Q,カラオケ館 名駅３丁目店,愛知県名古屋市中村区名駅３丁目２６−２６ B&Vビル,052-589-8401,https://karaokekan.jp/shop/detail/167,https://maps.google.com/?cid=7274213721520048584,月曜日: 9時00分～6時00分,火曜日: 9時00分～6時00分,水曜日: 9時00分～6時00分,木曜日: 9時00分～6時00分,金曜日: 9時00分～6時00分,土曜日: 9時00分～6時00分,日曜日: 9時00分～6時00分,35.172565,136.885463
77,5,ChIJlxp4gUpjA2ARpRFxiwFny8U,places/ChIJlxp4gUpjA2ARpRFxiwFny8U,カラオケ館 名古屋鳴海店,愛知県名古屋市緑区篭山３丁目１０３,052-878-2151,https://karaokekan.jp/shop/detail/168,https://maps.google.com/?cid=14252598702076137893,月曜日: 9時00分～2時00分,火曜日: 9時00分～2時00分,水曜日: 9時00分～2時00分,木曜日: 9時00分～2時00分,金曜日: 9時00分～3時00分,土曜日: 9時00分～3時00分,日曜日: 9時00分～2時00分,35.081501,136.982716
78,8,ChIJRyGMpZloA2ARy59p3QMWyb8,places/ChIJRyGMpZloA2ARy59p3QMWyb8,カラオケ館 瀬戸店,愛知県瀬戸市共栄通２丁目２０,0561-21-1991,https://karaokekan.jp/shop/detail/172,https://maps.google.com/?cid=13819601137418477515,月曜日: 9時00分～2時00分,火曜日: 9時00分～2時00分,水曜日: 9時00分～2時00分,木曜日: 9時00分～2時00分,金曜日: 9時00分～4時00分,土曜日: 9時00分～4時00分,日曜日: 9時00分～2時00分,35.221538,137.08081
79,10,ChIJHSXwKeebBGARi-BTItR5gbk,places/ChIJHSXwKeebBGARi-BTItR5gbk,カラオケ館 安城緑町店,愛知県安城市緑町１丁目３８−１６,0566-72-1808,https://karaokekan.jp/shop/detail/170,https://maps.google.com/?cid=13367099121028292747,月曜日: 9時00分～2時00分,火曜日: 9時00分～2時00分,水曜日: 9時00分～2時00分,木曜日: 9時00分～2時00分,金曜日: 9時00分～4時00分,土曜日: 9時00分～4時00分,日曜日: 9時00分～2時00分,34.970402,137.053135
80,8,ChIJT__bOsygA2AR2BojP9H_6PI,places/ChIJT__bOsygA2AR2BojP9H_6PI,カラオケ時遊館 一宮駅前店,愛知県一宮市栄３丁目８−１５,0586-28-8611,https://www.jiyukan.com/shop/shop1576.html,https://maps.google.com/?cid=17503521225947945688,月曜日: 14時00分～2時00分,火曜日: 14時00分～2時00分,水曜日: 14時00分～2時00分,木曜日: 14時00分～2時00分,金曜日: 14時00分～3時00分,土曜日: 10時00分～4時00分,日曜日: 10時00分～2時00分,35.301934,136.799378
81,5,ChIJfYshRFtjA2ARR2P3fqfdxGQ,places/ChIJfYshRFtjA2ARR2P3fqfdxGQ,カラオケ コート・ダジュール 鳴海店,愛知県名古屋市緑区乗鞍１丁目３０５,052-879-6788,https://www.cotedazur.jp/branch/detail/10372.html,https://maps.google.com/?cid=7261172210687501127,月曜日: 9時00分～2時00分,火曜日: 9時00分～2時00分,水曜日: 9時00分～2時00分,木曜日: 9時00分～2時00分,金曜日: 9時00分～5時00分,土曜日: 9時00分～5時00分,日曜日: 9時00分～2時00分,35.096256,136.99435
82,10,ChIJodlxy06gBGARVmLafYObioo,places/ChIJodlxy06gBGARVmLafYObioo,カラオケ コート・ダジュール 豊田店,愛知県豊田市元宮町１丁目８,0565-37-3188,https://www.cotedazur.jp/branch/detail/10553.html,https://maps.google.com/?cid=9982962513074610774,月曜日: 9時00分～2時00分,火曜日: 9時00分～2時00分,水曜日: 9時00分～2時00分,木曜日: 9時00分～2時00分,金曜日: 9時00分～5時00分,土曜日: 9時00分～5時00分,日曜日: 9時00分～2時00分,35.075067,137.160502
83,10,ChIJ06qhQw-9BGAR7tajclsST8k,places/ChIJ06qhQw-9BGAR7tajclsST8k,カラオケ コート・ダジュール 岡崎南店,愛知県岡崎市戸崎町越舞１−１３,0564-59-4788,https://www.cotedazur.jp/branch/detail/10375.html,https://maps.google.com/?cid=14505833108758320878,月曜日: 9時00分～4時00分,火曜日: 9時00分～4時00分,水曜日: 9時00分～4時00分,木曜日: 9時00分～4時00分,金曜日: 9時00分～5時00分,土曜日: 9時00分～5時00分,日曜日: 9時00分～4時00分,34.932068,137.16449
84,10,ChIJ07OzkOmiBGARUU5Z7pXivmo,places/ChIJ07OzkOmiBGARUU5Z7pXivmo,カラオケ コート・ダジュール 岡崎大樹寺店,愛知県岡崎市大樹寺３丁目1−１,0564-65-3688,https://www.cotedazur.jp/branch/detail/10377.html,https://maps.google.com/?cid=7691834347172220497,月曜日: 9時00分～5時00分,火曜日: 9時00分～5時00分,水曜日: 9時00分～5時00分,木曜日: 9時00分～5時00分,金曜日: 9時00分～5時00分,土曜日: 9時00分～5時00分,日曜日: 9時00分～5時00分,34.981045,137.161566
85,12,ChIJTd7zxEuEBGAR9se_IKAUN2I,places/ChIJTd7zxEuEBGAR9se_IKAUN2I,カラオケ コート・ダジュール 半田店,愛知県半田市星崎町３丁目39−６２,0569-26-3988,https://www.cotedazur.jp/branch/detail/10373.html,https://maps.google.com/?cid=7077148017412786166,月曜日: 9時00分～5時00分,火曜日: 9時00分～5時00分,水曜日: 9時00分～5時00分,木曜日: 9時00分～5時00分,金曜日: 9時00分～5時00分,土曜日: 9時00分～5時00分,日曜日: 9時00分～5時00分,34.898108,136.925461
86,2,ChIJHTIXGud2A2ARa-A5Xlv6EJ4,places/ChIJHTIXGud2A2ARa-A5Xlv6EJ4,カラオケメガビッグ 名駅西口店,愛知県名古屋市中村区椿町１５−８,052-462-8600,https://megakara.jp/shop/0937/,https://maps.google.com/?cid=11389878727949803627,月曜日: 9時00分～5時00分,火曜日: 9時00分～5時00分,水曜日: 9時00分～5時00分,木曜日: 9時00分～5時00分,金曜日: 9時00分～6時00分,土曜日: 9時00分～6時00分,日曜日: 9時00分～5時00分,35.168705,136.881549
87,10,ChIJ8Vw6TuOdBGARJZ4eUiPoEpU,places/ChIJ8Vw6TuOdBGARJZ4eUiPoEpU,カラオケメガビッグ 知立駅前店,愛知県知立市新富２丁目 5番地,0566-93-5139,https://megakara.jp/shop/1379,https://maps.google.com/?cid=10741903299631291941,月曜日: 9時00分～5時00分,火曜日: 9時00分～5時00分,水曜日: 9時00分～5時00分,木曜日: 9時00分～5時00分,金曜日: 9時00分～5時00分,土曜日: 9時00分～5時00分,日曜日: 9時00分～5時00分,35.005657,137.041161
88,3,ChIJmame7-lxA2AREV_WZqOEEyA,places/ChIJmame7-lxA2AREV_WZqOEEyA,カラオケ CLUB DAM 大曽根駅前店,愛知県名古屋市北区大曽根３丁目１４−２９ リシェス大曽根 1F,052-325-5170,https://karaokeclub.jp/shop/%E3%82%AB%E3%83%A9%E3%82%AA%E3%82%B1%EF%BD%83%EF%BD%8C%EF%BD%95%EF%BD%82-%EF%BD%84%EF%BD%81%EF%BD%8D%E5%A4%A7%E6%9B%BD%E6%A0%B9%E9%A7%85%E5%89%8D%E5%BA%97/,https://maps.google.com/?cid=2311336871111057169,月曜日: 10時00分～5時00分,火曜日: 10時00分～5時00分,水曜日: 10時00分～5時00分,木曜日: 10時00分～5時00分,金曜日: 10時00分～6時00分,土曜日: 10時00分～6時00分,日曜日: 10時00分～5時00分,35.191977,136.936005
89,7,ChIJeQ9PCX1iA2ARN_8eGuiVdRg,places/ChIJeQ9PCX1iA2ARN_8eGuiVdRg,カラオケ CLUB DAM 豊明店,愛知県豊明市大久伝町南４−３,0562-91-3020,https://karaokeclub.jp/shop/%E3%82%AB%E3%83%A9%E3%82%AA%E3%82%B1%EF%BD%83%EF%BD%8C%EF%BD%95%EF%BD%82-%EF%BD%84%EF%BD%81%EF%BD%8D%E8%B1%8A%E6%98%8E%E5%BA%97/,https://maps.google.com/?cid=1762479653288607543,月曜日: 9時00分～2時00分,火曜日: 9時00分～2時00分,水曜日: 9時00分～2時00分,木曜日: 9時00分～2時00分,金曜日: 9時00分～5時00分,土曜日: 9時00分～5時00分,日曜日: 9時00分～2時00分,35.051157,137.020927
90,8,ChIJk9LG-8ygA2ARD9rpCs7GoXg,places/ChIJk9LG-8ygA2ARD9rpCs7GoXg,カラオケ CLUB DAM Resort 一宮駅前店,愛知県一宮市栄３丁目３−６,0586-64-6767,https://karaokeclub.jp/shop/%E3%82%AB%E3%83%A9%E3%82%AA%E3%82%B1%EF%BD%83%EF%BD%8C%EF%BD%95%EF%BD%82-%EF%BD%84%EF%BD%81%EF%BD%8D-resort%E4%B8%80%E5%AE%AE%E9%A7%85%E5%89%8D%E5%BA%97/,https://maps.google.com/?cid=8692447344050428431,月曜日: 定休日,火曜日: 定休日,水曜日: 11時00分～23時00分,木曜日: 11時00分～23時00分,金曜日: 11時00分～2時00分,土曜日: 11時00分～2時00分,日曜日: 11時00分～23時00分,35.303772,136.79907
91,1,ChIJ79TSY9RwA2AR4Wfe1JACmH8,places/ChIJ79TSY9RwA2AR4Wfe1JACmH8,カラオケJOYJOY 栄錦通店,愛知県名古屋市中区錦３丁目２４−24番1号,052-953-7888,https://www.joyjoy.co.jp/store/view/Sakae-Nishiki-Dori,https://maps.google.com/?cid=9194101460346759137,月曜日: 24 時間営業,火曜日: 24 時間営業,水曜日: 24 時間営業,木曜日: 24 時間営業,金曜日: 24 時間営業,土曜日: 24 時間営業,日曜日: 24 時間営業,35.169652,136.905765
92,2,ChIJ6-Khy952A2ARcAbgtS5LiI4,places/ChIJ6-Khy952A2ARcAbgtS5LiI4,カラオケJOYJOY 名駅錦通店,愛知県名古屋市中村区名駅４丁目２５−２２,052-583-1113,https://www.joyjoy.co.jp/store/view/Meieki-Nishiki-Dori,https://maps.google.com/?cid=10270541614210352752,"月曜日: 0時00分～6時00分, 10時00分～6時00分",火曜日: 10時00分～6時00分,水曜日: 10時00分～6時00分,木曜日: 10時00分～6時00分,金曜日: 10時00分～0時00分,土曜日: 24 時間営業,日曜日: 24 時間営業,35.168807,136.888162
93,2,ChIJM5mF9N52A2AR_hmvUQ1t8a4,places/ChIJM5mF9N52A2AR_hmvUQ1t8a4,カラオケJOYJOY 名駅笹島2号店,愛知県名古屋市中村区名駅４丁目２７−７,052-551-7333,https://www.joyjoy.co.jp/store/view/Meieki-Sasashima-2nd,https://maps.google.com/?cid=12605976735959161342,"月曜日: 0時00分～6時00分, 10時00分～0時00分",火曜日: 10時00分～6時00分,水曜日: 10時00分～6時00分,木曜日: 10時00分～6時00分,金曜日: 10時00分～0時00分,土曜日: 24 時間営業,日曜日: 24 時間営業,35.167991,136.886189
94,2,ChIJdQHOPd52A2AR86xu3OwWSbo,places/ChIJdQHOPd52A2AR86xu3OwWSbo,カラオケJOYJOY 名駅笹島店,愛知県名古屋市中村区名駅南１丁目２６−３６,052-561-5522,https://www.joyjoy.co.jp/store/view/Meieki-Sasashima,https://maps.google.com/?cid=13423285370920807667,月曜日: 24 時間営業,火曜日: 24 時間営業,水曜日: 24 時間営業,木曜日: 24 時間営業,金曜日: 24 時間営業,土曜日: 24 時間営業,日曜日: 24 時間営業,35.167322,136.884296
95,3,ChIJYfR95r9wA2AR4gFT07vYgGA,places/ChIJYfR95r9wA2AR4gFT07vYgGA,カラオケJOYJOY 千早スポルト店,愛知県名古屋市中区新栄２丁目４５−２６ スポルト名古屋 3F,052-251-8118,https://www.joyjoy.co.jp/store/view/Chihaya-Sport,https://maps.google.com/?cid=6953796125875962338,"月曜日: 0時00分～6時00分, 10時00分～6時00分",火曜日: 10時00分～6時00分,水曜日: 10時00分～6時00分,木曜日: 10時00分～6時00分,金曜日: 10時00分～0時00分,土曜日: 24 時間営業,日曜日: 24 時間営業,35.161485,136.921599
96,3,ChIJn3FaistwA2ARt0nWcIu3avs,places/ChIJn3FaistwA2ARt0nWcIu3avs,カラオケJOYJOY 大須赤門店,愛知県名古屋市中区大須４丁目１０−９２,052-251-7776,https://www.joyjoy.co.jp/store/view/Osu-Akamon,https://maps.google.com/?cid=18116494260572670391,"月曜日: 0時00分～6時00分, 10時00分～6時00分",火曜日: 10時00分～6時00分,水曜日: 10時00分～6時00分,木曜日: 10時00分～6時00分,金曜日: 10時00分～0時00分,土曜日: 24 時間営業,日曜日: 24 時間営業,35.160115,136.906278
97,3,ChIJveW8UWKdA2AReGUidGHFhIE,places/ChIJveW8UWKdA2AReGUidGHFhIE,カラオケJOYJOY 中川コロナワールド店,愛知県名古屋市中川区江松３丁目１１０ 中川コロナシネマワールド 2階,052-303-9700,https://www.joyjoy.co.jp/store/view/Nakagawa-Corona-World,https://maps.google.com/?cid=9332801350169421176,月曜日: 10時00分～1時00分,火曜日: 10時00分～1時00分,水曜日: 10時00分～1時00分,木曜日: 10時00分～1時00分,金曜日: 10時00分～3時00分,土曜日: 10時00分～3時00分,日曜日: 10時00分～1時00分,35.125508,136.823354
98,3,ChIJTVfb-Td3A2AROfQ9ofzsz_A,places/ChIJTVfb-Td3A2AROfQ9ofzsz_A,カラオケJOYJOY 中川山王店,愛知県名古屋市中川区山王２丁目３−７５ カラオケＪＯＹＪＯＹ,052-323-5454,https://www.joyjoy.co.jp/store/view/Nakagawa-Sanno,https://maps.google.com/?cid=17352348459062916153,"月曜日: 0時00分～6時00分, 10時00分～6時00分",火曜日: 10時00分～6時00分,水曜日: 10時00分～6時00分,木曜日: 10時00分～6時00分,金曜日: 10時00分～0時00分,土曜日: 24 時間営業,日曜日: 24 時間営業,35.150529,136.893197
99,3,ChIJjc_w_Xx3A2ARPM8zFkIyHlk,places/ChIJjc_w_Xx3A2ARPM8zFkIyHlk,カラオケJOYJOY 中川昭和橋店,愛知県名古屋市中川区昭和橋通２丁目37−２,052-653-4777,https://www.joyjoy.co.jp/store/view/Nakagawa-Showabashi,https://maps.google.com/?cid=6421625378098630460,"月曜日: 0時00分～6時00分, 10時00分～6時00分",火曜日: 10時00分～6時00分,水曜日: 10時00分～6時00分,木曜日: 10時00分～6時00分,金曜日: 10時00分～0時00分,土曜日: 24 時間営業,日曜日: 24 時間営業,35.124762,136.871742
100,3,ChIJG9oaXVF2A2ARuALb08PeVQQ,places/ChIJG9oaXVF2A2ARuALb08PeVQQ,カラオケJOYJOY 中村 畑江通店,愛知県名古屋市中村区畑江通８丁目３２−１,052-482-1113,https://www.joyjoy.co.jp/store/view/Nakamura-Hatae-Dori,https://maps.google.com/?cid=312400681826452152,"月曜日: 0時00分～6時00分, 10時00分～6時00分",火曜日: 10時00分～6時00分,水曜日: 10時00分～6時00分,木曜日: 10時00分～6時00分,金曜日: 10時00分～0時00分,土曜日: 24 時間営業,日曜日: 24 時間営業,35.157372,136.85818
101,3,ChIJjSDsOqtxA2ARRXFt5fRfLxg,places/ChIJjSDsOqtxA2ARRXFt5fRfLxg,カラオケJOYJOY 大曽根駅前店,愛知県名古屋市北区大曽根３丁目１３−２６,052-915-0700,https://www.joyjoy.co.jp/store/view/Ozone-ekimae,https://maps.google.com/?cid=1742717086241485125,月曜日: 10時00分～6時00分,火曜日: 10時00分～6時00分,水曜日: 10時00分～6時00分,木曜日: 10時00分～6時00分,金曜日: 10時00分～0時00分,土曜日: 24 時間営業,日曜日: 24 時間営業,35.191438,136.935908
102,3,ChIJyQEO7v5xA2ARdwtlhGRVKfw,places/ChIJyQEO7v5xA2ARdwtlhGRVKfw,カラオケJOYJOY 平安通店,愛知県名古屋市北区平安２丁目２−１６,052-914-0009,https://www.joyjoy.co.jp/store/view/Heian-Dori,https://maps.google.com/?cid=18170148061809281911,"月曜日: 0時00分～6時00分, 10時00分～6時00分",火曜日: 10時00分～6時00分,水曜日: 10時00分～6時00分,木曜日: 10時00分～6時00分,金曜日: 10時00分～0時00分,土曜日: 24 時間営業,日曜日: 24 時間営業,35.197798,136.929998
103,4,ChIJpxC3mIxwA2ARlytPaGNSzGI,places/ChIJpxC3mIxwA2ARlytPaGNSzGI,カラオケJOYJOY 今池店,愛知県名古屋市千種区今池１丁目１１−６,052-735-0202,https://www.joyjoy.co.jp/store/view/Imaike,https://maps.google.com/?cid=7119155697871170455,"月曜日: 0時00分～6時00分, 10時00分～6時00分",火曜日: 10時00分～6時00分,水曜日: 10時00分～6時00分,木曜日: 10時00分～6時00分,金曜日: 10時00分～0時00分,土曜日: 24 時間営業,日曜日: 24 時間営業,35.167796,136.936539
104,4,ChIJ0TpVb-xwA2ARWtsGGSimJgM,places/ChIJ0TpVb-xwA2ARWtsGGSimJgM,カラオケJOYJOY タイホウ千種駅店,愛知県名古屋市千種区新栄３丁目２０−１７ タイホウ千種駅南ビル 3F,052-249-0717,https://www.joyjoy.co.jp/store/view/TAIHO-Chikusa-Station,https://maps.google.com/?cid=227051522377571162,"月曜日: 0時00分～6時00分, 10時00分～6時00分",火曜日: 10時00分～6時00分,水曜日: 10時00分～6時00分,木曜日: 10時00分～6時00分,金曜日: 10時00分～0時00分,土曜日: 24 時間営業,日曜日: 24 時間営業,35.168159,136.927923
105,4,ChIJYcxXXz57A2ARypk58G13Xwo,places/ChIJYcxXXz57A2ARypk58G13Xwo,カラオケJOYJOY 天白笹原店,愛知県名古屋市天白区笹原町１９０４,052-892-5601,https://www.joyjoy.co.jp/store/view/Tenpaku-Sasahara,https://maps.google.com/?cid=747447377232239050,"月曜日: 0時00分～2時00分, 10時00分～2時00分",火曜日: 10時00分～2時00分,水曜日: 10時00分～2時00分,木曜日: 10時00分～2時00分,金曜日: 10時00分～0時00分,土曜日: 24 時間営業,日曜日: 24 時間営業,35.11208,136.96353
106,5,ChIJL8CBIMVvA2ARvQiwKL2Yh4k,places/ChIJL8CBIMVvA2ARvQiwKL2Yh4k,カラオケJOYJOY 守山大森IC店,愛知県名古屋市守山区藪田町３０５,052-798-5111,https://www.joyjoy.co.jp/store/view/Moriyama-Oomori-Interchange,https://maps.google.com/?cid=9910057443250931901,"月曜日: 0時00分～6時00分, 10時00分～6時00分",火曜日: 10時00分～6時00分,水曜日: 10時00分～6時00分,木曜日: 10時00分～6時00分,金曜日: 10時00分～0時00分,土曜日: 24 時間営業,日曜日: 24 時間営業,35.199761,136.991393
107,5,ChIJ7cIiYVR6A2ARmGseaaWlVT4,places/ChIJ7cIiYVR6A2ARmGseaaWlVT4,カラオケJOYJOY 新瑞橋店,愛知県名古屋市瑞穂区洲山町２丁目２２−２２,052-851-1620,https://www.joyjoy.co.jp/store/view/Aratamabashi,https://maps.google.com/?cid=4491678333223725976,"月曜日: 0時00分～6時00分, 10時00分～6時00分",火曜日: 10時00分～6時00分,水曜日: 10時00分～6時00分,木曜日: 10時00分～6時00分,金曜日: 10時00分～0時00分,土曜日: 24 時間営業,日曜日: 24 時間営業,35.117952,136.937684
108,5,ChIJuQTJDyRlA2ARsd81azwk8no,places/ChIJuQTJDyRlA2ARsd81azwk8no,カラオケJOYJOY 名東高針店,愛知県名古屋市名東区高針原２丁目１７０１,052-705-2291,https://www.joyjoy.co.jp/store/view/Meito-Takabari,https://maps.google.com/?cid=8859183258906517425,"月曜日: 0時00分～6時00分, 10時00分～6時00分",火曜日: 10時00分～6時00分,水曜日: 10時00分～6時00分,木曜日: 10時00分～6時00分,金曜日: 10時00分～0時00分,土曜日: 24 時間営業,日曜日: 24 時間営業,35.145757,136.994545
109,5,ChIJGzMqD4NlA2ARvWhQEd3a3Ds,places/ChIJGzMqD4NlA2ARvWhQEd3a3Ds,カラオケJOYJOY 藤が丘レインボーパーキング店,愛知県名古屋市名東区藤見が丘20番1 藤が丘レインボーパーキング2階,052-773-2227,https://www.joyjoy.co.jp/store/view/Fujigaoka-Rainbow-Paking,https://maps.google.com/?cid=4313563186127202493,"月曜日: 0時00分～6時00分, 10時00分～6時00分",火曜日: 10時00分～6時00分,水曜日: 10時00分～6時00分,木曜日: 10時00分～6時00分,金曜日: 10時00分～0時00分,土曜日: 24 時間営業,日曜日: 24 時間営業,35.181844,137.022605
110,5,ChIJWfaZjHx7A2ARLNrNLS_ikTc,places/ChIJWfaZjHx7A2ARLNrNLS_ikTc,カラオケJOYJOY 緑浦里店,愛知県名古屋市緑区浦里２丁目１７５,052-895-0055,https://www.joyjoy.co.jp/store/view/Midori-Urasato,https://maps.google.com/?cid=4004230235968887340,"月曜日: 0時00分～6時00分, 10時00分～6時00分",火曜日: 10時00分～6時00分,水曜日: 10時00分～6時00分,木曜日: 10時00分～6時00分,金曜日: 10時00分～0時00分,土曜日: 24 時間営業,日曜日: 24 時間営業,35.088195,136.94928
111,5,ChIJ06k1FtRiA2ARNUpvxyeFxFA,places/ChIJ06k1FtRiA2ARNUpvxyeFxFA,カラオケJOYJOY 中京競馬店,愛知県名古屋市緑区境松２丁目５０６,052-623-1600,https://www.joyjoy.co.jp/store/view/Chukyo-Keiba,https://maps.google.com/?cid=5819923024365701685,"月曜日: 0時00分～6時00分, 10時00分～6時00分",火曜日: 10時00分～6時00分,水曜日: 10時00分～6時00分,木曜日: 10時00分～6時00分,金曜日: 10時00分～0時00分,土曜日: 24 時間営業,日曜日: 24 時間営業,35.060832,136.984612
112,6,ChIJqZczy4B5A2AREkBUzzae24w,places/ChIJqZczy4B5A2AREkBUzzae24w,カラオケJOYJOY 南陽通店,愛知県名古屋市南区三条１丁目１０−１１,052-694-1999,https://www.joyjoy.co.jp/store/view/Nanyo-Dori,https://maps.google.com/?cid=10149880143453372434,"月曜日: 0時00分～6時00分, 11時00分～6時00分",火曜日: 10時00分～6時00分,水曜日: 10時00分～6時00分,木曜日: 10時00分～6時00分,金曜日: 10時00分～0時00分,土曜日: 24 時間営業,日曜日: 24 時間営業,35.104157,136.901549
113,6,ChIJNwBA2FJ3A2ARSpFrSvntzyc,places/ChIJNwBA2FJ3A2ARSpFrSvntzyc,カラオケJOYJOY 金山駅前店,愛知県名古屋市熱田区金山町１丁目１９−２,052-323-7880,https://www.joyjoy.co.jp/store/view/Kanayama-Ekimae,https://maps.google.com/?cid=2868773142609498442,月曜日: 24 時間営業,火曜日: 24 時間営業,水曜日: 24 時間営業,木曜日: 24 時間営業,金曜日: 24 時間営業,土曜日: 24 時間営業,日曜日: 24 時間営業,35.142677,136.902259
114,6,ChIJkw4v0KxwA2AR1M6bcjKK74w,places/ChIJkw4v0KxwA2AR1M6bcjKK74w,カラオケJOYJOY 金山駅前2号店,愛知県名古屋市熱田区波寄町２４−２２,052-881-4888,https://www.joyjoy.co.jp/store/view/Kanayama-Eki2,https://maps.google.com/?cid=10155487634019569364,月曜日: 10時00分～6時00分,火曜日: 10時00分～6時00分,水曜日: 10時00分～6時00分,木曜日: 10時00分～0時00分,金曜日: 10時00分～0時00分,土曜日: 24 時間営業,日曜日: 24 時間営業,35.142646,136.903324
115,6,ChIJ08-hlOh5A2ARt031Iot87pA,places/ChIJ08-hlOh5A2ARt031Iot87pA,カラオケJOYJOY タイホウ熱田ビル店,愛知県名古屋市熱田区六番３丁目１８−５ タイホウ熱田ビル 2F,052-651-7177,https://www.joyjoy.co.jp/store/view/TAIHO-Atsuta-Rokubancho,https://maps.google.com/?cid=10443421522947558839,"月曜日: 0時00分～2時00分, 10時00分～2時00分",火曜日: 10時00分～2時00分,水曜日: 10時00分～2時00分,木曜日: 10時00分～2時00分,金曜日: 10時00分～0時00分,土曜日: 24 時間営業,日曜日: 24 時間営業,35.119046,136.886701
116,8,ChIJ6dyykeR1A2AR9v9kdJ1Tvzg,places/ChIJ6dyykeR1A2AR9v9kdJ1Tvzg,カラオケJOYJOY 甚目寺店,愛知県あま市下萱津九反田54,052-445-2330,https://www.joyjoy.co.jp/store/view/Jimokuji,https://maps.google.com/?cid=4089078922403446774,"月曜日: 0時00分～6時00分, 10時00分～6時00分",火曜日: 10時00分～6時00分,水曜日: 10時00分～6時00分,木曜日: 10時00分～6時00分,金曜日: 10時00分～0時00分,土曜日: 24 時間営業,日曜日: 24 時間営業,35.184046,136.8366
117,8,ChIJJSMzXPanA2ARwQPA2jyYve8,places/ChIJJSMzXPanA2ARwQPA2jyYve8,カラオケJOYJOY 尾西郷東店,愛知県一宮市小信中島郷東４５−１,0586-61-1555,https://www.joyjoy.co.jp/store/view/Bisai-Gouhigasi,https://maps.google.com/?cid=17275131132798567361,"月曜日: 0時00分～6時00分, 10時00分～6時00分",火曜日: 10時00分～6時00分,水曜日: 10時00分～6時00分,木曜日: 10時00分～6時00分,金曜日: 10時00分～0時00分,土曜日: 24 時間営業,日曜日: 24 時間営業,35.309958,136.750192
118,8,ChIJYbm8cJCgA2ARjPtvsKXRvdI,places/ChIJYbm8cJCgA2ARjPtvsKXRvdI,カラオケJOYJOY 一宮森本店,愛知県一宮市森本３丁目２３−１９,0586-23-6006,https://www.joyjoy.co.jp/store/view/Ichinomiya-Morimoto,https://maps.google.com/?cid=15185524028123118476,"月曜日: 0時00分～6時00分, 10時00分～6時00分",火曜日: 10時00分～6時00分,水曜日: 10時00分～6時00分,木曜日: 10時00分～6時00分,金曜日: 10時00分～0時00分,土曜日: 24 時間営業,日曜日: 24 時間営業,35.287529,136.815259
119,8,ChIJvzTRbfufA2ARSLNe0v9RyWE,places/ChIJvzTRbfufA2ARSLNe0v9RyWE,カラオケJOYJOY 稲沢グランドボウル店,愛知県稲沢市井之口大坪町８０−２,0587-32-9991,https://www.joyjoy.co.jp/store/view/Inazawa-Grand-Bowl,https://maps.google.com/?cid=7046253251185783624,"月曜日: 0時00分～6時00分, 10時00分～6時00分",火曜日: 10時00分～6時00分,水曜日: 10時00分～6時00分,木曜日: 10時00分～6時00分,金曜日: 10時00分～0時00分,土曜日: 24 時間営業,日曜日: 24 時間営業,35.235608,136.819572
120,8,ChIJ90s_KwqdA2AR_t8RLPBAeZw,places/ChIJ90s_KwqdA2AR_t8RLPBAeZw,カラオケJOYJOY アソビックスかにえ店,愛知県海部郡蟹江町蟹江新田上芝切71,0567-96-6667,https://www.joyjoy.co.jp/store/view/Asobix-Kanie,https://maps.google.com/?cid=11275114542374445054,"月曜日: 0時00分～6時00分, 10時00分～6時00分",火曜日: 10時00分～6時00分,水曜日: 10時00分～6時00分,木曜日: 10時00分～6時00分,金曜日: 10時00分～0時00分,土曜日: 24 時間営業,日曜日: 24 時間営業,35.124945,136.786401
121,8,ChIJKyi26bsPA2ARXIntx0JZWNg,places/ChIJKyi26bsPA2ARXIntx0JZWNg,カラオケJOYJOY 犬山駅南店,愛知県犬山市中山町１丁目４５,0568-65-1555,https://www.joyjoy.co.jp/store/view/Inuyama-Station-South,https://maps.google.com/?cid=15589308253499918684,"月曜日: 0時00分～6時00分, 10時00分～6時00分",火曜日: 10時00分～6時00分,水曜日: 10時00分～6時00分,木曜日: 10時00分～6時00分,金曜日: 10時00分～0時00分,土曜日: 24 時間営業,日曜日: 24 時間営業,35.375993,136.946556
122,8,ChIJndubPJ5uA2ARzygWZVwenzQ,places/ChIJndubPJ5uA2ARzygWZVwenzQ,カラオケJOYJOY 春日井高蔵寺店,愛知県春日井市高蔵寺町北１丁目４４,0568-51-5525,https://www.joyjoy.co.jp/store/view/Kasugai-Kouzouji,https://maps.google.com/?cid=3791782793451022543,"月曜日: 0時00分～6時00分, 10時00分～6時00分",火曜日: 10時00分～6時00分,水曜日: 10時00分～6時00分,木曜日: 10時00分～6時00分,金曜日: 10時00分～0時00分,土曜日: 24 時間営業,日曜日: 24 時間営業,35.266022,137.035802
123,8,ChIJrbEP--GeA2ARHygD6jUp9V8,places/ChIJrbEP--GeA2ARHygD6jUp9V8,カラオケJOYJOY 津島店,愛知県津島市蛭間町桝田２８９,0567-28-1102,https://www.joyjoy.co.jp/store/view/Tsushima,https://maps.google.com/?cid=6914478114433345567,月曜日: 24 時間営業,火曜日: 24 時間営業,水曜日: 24 時間営業,木曜日: 24 時間営業,金曜日: 24 時間営業,土曜日: 24 時間営業,日曜日: 24 時間営業,35.18557,136.771394
124,8,ChIJSRtDjmBvA2ARAKE5mJA462Y,places/ChIJSRtDjmBvA2ARAKE5mJA462Y,カラオケJOYJOY 尾張旭 晴丘店,愛知県尾張旭市北本地ケ原町３丁目５９−２,0561-53-0421,https://www.joyjoy.co.jp/store/view/Owariasahi-Haruoka,https://maps.google.com/?cid=7416083405076013312,"月曜日: 0時00分～6時00分, 10時00分～6時00分",火曜日: 10時00分～6時00分,水曜日: 10時00分～6時00分,木曜日: 10時00分～6時00分,金曜日: 10時00分～0時00分,土曜日: 24 時間営業,日曜日: 24 時間営業,35.198199,137.038113
125,10,ChIJQyeVVjy9BGAR8iYPswDIi_M,places/ChIJQyeVVjy9BGAR8iYPswDIi_M,カラオケJOYJOY 東岡崎駅前店,愛知県岡崎市明大寺本町４丁目４４,0564-26-2221,https://www.joyjoy.co.jp/store/view/Higashi-Okazaki-Ekimae,https://maps.google.com/?cid=17549340278308939506,"月曜日: 0時00分～6時00分, 10時00分～6時00分",火曜日: 10時00分～6時00分,水曜日: 10時00分～6時00分,木曜日: 10時00分～6時00分,金曜日: 10時00分～0時00分,土曜日: 24 時間営業,日曜日: 24 時間営業,34.952776,137.166915
126,10,ChIJ3WJkaj-9BGARyRCbsleXcUI,places/ChIJ3WJkaj-9BGARyRCbsleXcUI,カラオケJOYJOY 岡崎248六名店,愛知県岡崎市六名３丁目5−６,0564-51-7771,https://www.joyjoy.co.jp/store/view/Okazaki-248-Mutsuna,https://maps.google.com/?cid=4787774281786003657,"月曜日: 0時00分～6時00分, 10時00分～6時00分",火曜日: 10時00分～6時00分,水曜日: 10時00分～6時00分,木曜日: 10時00分～6時00分,金曜日: 10時00分～0時00分,土曜日: 24 時間営業,日曜日: 24 時間営業,34.944566,137.156719
127,10,ChIJ8VIi0wOdBGARoeKT2FTw8iU,places/ChIJ8VIi0wOdBGARoeKT2FTw8iU,カラオケJOYJOY 刈谷逢妻店,愛知県刈谷市高津波町３丁目５０２,0566-21-4888,https://www.joyjoy.co.jp/store/view/Kariya-aiduma,https://maps.google.com/?cid=2734512170968801953,"月曜日: 0時00分～6時00分, 10時00分～6時00分",火曜日: 10時00分～6時00分,水曜日: 10時00分～6時00分,木曜日: 10時00分～6時00分,金曜日: 10時00分～0時00分,土曜日: 24 時間営業,日曜日: 24 時間営業,35.000795,136.991806
128,10,ChIJPxqAfyObBGARa-mMSdepusA,places/ChIJPxqAfyObBGARa-mMSdepusA,カラオケJOYJOY 高浜419吉浜店,愛知県高浜市神明町１丁目１−２０,0566-52-3336,https://www.joyjoy.co.jp/store/view/Takahama-419-Yoshihama,https://maps.google.com/?cid=13887599143067380075,"月曜日: 0時00分～6時00分, 10時00分～6時00分",火曜日: 10時00分～6時00分,水曜日: 10時00分～6時00分,木曜日: 10時00分～6時00分,金曜日: 10時00分～0時00分,土曜日: 24 時間営業,日曜日: 24 時間営業,34.939887,136.997683
129,10,ChIJV4r-KTWRBGARYwhpePxx-Jk,places/ChIJV4r-KTWRBGARYwhpePxx-Jk,カラオケJOYJOY 西尾駅前店,愛知県西尾市住吉町４丁目１８−５,0563-57-0880,https://www.joyjoy.co.jp/store/view/Nishio-Ekimae,https://maps.google.com/?cid=11094743011193063523,月曜日: 24 時間営業,火曜日: 24 時間営業,水曜日: 24 時間営業,木曜日: 24 時間営業,金曜日: 24 時間営業,土曜日: 24 時間営業,日曜日: 24 時間営業,34.863953,137.057434
130,10,ChIJc3LQm7ehBGARIfB1tKxnyz0,places/ChIJc3LQm7ehBGARIfB1tKxnyz0,カラオケJOYJOY 豊田VITS２号店,愛知県豊田市西町５丁目５ ＶＩＴＳ豊田タウン １F,0565-33-9199,https://www.joyjoy.co.jp/store/view/Toyota-Vits-2nd,https://maps.google.com/?cid=4452766648045531169,月曜日: 定休日,火曜日: 定休日,水曜日: 定休日,木曜日: 定休日,金曜日: 18時00分～0時00分,土曜日: 24 時間営業,日曜日: 0時00分～21時00分,35.085159,137.154188
131,10,ChIJax7q_DWhBGAR5d9HcYQmP-o,places/ChIJax7q_DWhBGAR5d9HcYQmP-o,カラオケJOYJOY 豊田駅前店,愛知県豊田市西町５丁目57番地2,0565-31-0002,https://www.joyjoy.co.jp/store/view/Toyota-ekimae,https://maps.google.com/?cid=16879252278685982693,"月曜日: 0時00分～6時00分, 10時00分～6時00分",火曜日: 10時00分～6時00分,水曜日: 10時00分～6時00分,木曜日: 10時00分～6時00分,金曜日: 10時00分～0時00分,土曜日: 24 時間営業,日曜日: 24 時間営業,35.08551,137.154266
132,10,ChIJeyT6uN2fBGARLG2n0WOt9Rg,places/ChIJeyT6uN2fBGARLG2n0WOt9Rg,カラオケJOYJOY 豊田153本新店,愛知県豊田市本新町５丁目１２０−３,0565-35-9111,https://www.joyjoy.co.jp/store/view/Toyota-153-Honshin,https://maps.google.com/?cid=1798534270435159340,"月曜日: 0時00分～6時00分, 10時00分～6時00分",火曜日: 10時00分～6時00分,水曜日: 10時00分～6時00分,木曜日: 10時00分～6時00分,金曜日: 10時00分～0時00分,土曜日: 24 時間営業,日曜日: 24 時間営業,35.079611,137.115108
133,11,ChIJuYl3CRvHBGARCfm6QfcVrso,places/ChIJuYl3CRvHBGARCfm6QfcVrso,カラオケJOYJOY 蒲郡三谷店,愛知県蒲郡市三谷北通４丁目８４−４,0533-67-7771,https://www.joyjoy.co.jp/store/view/Ggamagori-Miya,https://maps.google.com/?cid=14604634793312975113,月曜日: 24 時間営業,火曜日: 24 時間営業,水曜日: 24 時間営業,木曜日: 24 時間営業,金曜日: 24 時間営業,土曜日: 24 時間営業,日曜日: 24 時間営業,34.821332,137.241239
134,11,ChIJeYRbv5LbBGARcadDQp7798w,places/ChIJeYRbv5LbBGARcadDQp7798w,カラオケJOYJOY 田原神戸店,愛知県田原市神戸町大坪１５３−１,0531-22-7333,https://www.joyjoy.co.jp/store/view/Tahara-Kanbe,https://maps.google.com/?cid=14769550160119965553,"月曜日: 0時00分～2時00分, 10時00分～2時00分",火曜日: 10時00分～2時00分,水曜日: 10時00分～2時00分,木曜日: 10時00分～2時00分,金曜日: 10時00分～0時00分,土曜日: 24 時間営業,日曜日: 24 時間営業,34.668392,137.276661
135,11,ChIJhTXDvQ7SBGARbdUE-fn8580,places/ChIJhTXDvQ7SBGARbdUE-fn8580,カラオケJOYJOY 豊橋駅前店,愛知県豊橋市駅前大通１丁目４０,0532-55-4030,https://www.joyjoy.co.jp/store/view/Toyohashi-Ekimae,https://maps.google.com/?cid=14837105647950288237,"月曜日: 0時00分～6時00分, 10時00分～6時00分",火曜日: 10時00分～6時00分,水曜日: 10時00分～6時00分,木曜日: 10時00分～6時00分,金曜日: 10時00分～0時00分,土曜日: 24 時間営業,日曜日: 24 時間営業,34.762981,137.384472
136,11,ChIJkxbPUj3SBGARU2xrPZ7D_B8,places/ChIJkxbPUj3SBGARU2xrPZ7D_B8,カラオケJOYJOY 豊橋中橋良店,愛知県豊橋市中橋良町７３−１,0532-47-6111,https://www.joyjoy.co.jp/store/view/Toyohashi-Nakahashira,https://maps.google.com/?cid=2304932193709550675,"月曜日: 0時00分～6時00分, 10時00分～6時00分",火曜日: 10時00分～6時00分,水曜日: 10時00分～6時00分,木曜日: 10時00分～6時00分,金曜日: 10時00分～0時00分,土曜日: 24 時間営業,日曜日: 24 時間営業,34.748193,137.380432
137,11,ChIJyciqHEXMBGARxFrJrHIczK0,places/ChIJyciqHEXMBGARxFrJrHIczK0,カラオケJOYJOY 豊川駅東口店,愛知県豊川市豊川町波通３４−８,0533-89-7771,https://www.joyjoy.co.jp/store/view/Toyokawa-Station-Higashi-Guchi,https://maps.google.com/?cid=12523415942661233348,月曜日: 24 時間営業,火曜日: 24 時間営業,水曜日: 24 時間営業,木曜日: 24 時間営業,金曜日: 24 時間営業,土曜日: 24 時間営業,日曜日: 24 時間営業,34.8218,137.398163
138,12,ChIJnYnozBB9A2ARFcby5JRv4NA,places/ChIJnYnozBB9A2ARFcby5JRv4NA,カラオケJOYJOY 大府共和店,愛知県大府市共栄町８丁目１０−１１,0562-46-4888,https://www.joyjoy.co.jp/store/view/Oobu-Kyowa,https://maps.google.com/?cid=15051152639959156245,"月曜日: 0時00分～6時00分, 10時00分～6時00分",火曜日: 10時00分～6時00分,水曜日: 10時00分～6時00分,木曜日: 10時00分～6時00分,金曜日: 10時00分～0時00分,土曜日: 24 時間営業,日曜日: 24 時間営業,35.037736,136.956084
139,12,ChIJbbEv5zp-A2ARrmwfBnEmf8s,places/ChIJbbEv5zp-A2ARrmwfBnEmf8s,カラオケJOYJOY 知多清水が丘店,愛知県知多市清水が丘１丁目１８１８,0562-32-3111,https://www.joyjoy.co.jp/store/view/Chita-Shimizugaoka,https://maps.google.com/?cid=14663481178617506990,月曜日: 24 時間営業,火曜日: 24 時間営業,水曜日: 24 時間営業,木曜日: 24 時間営業,金曜日: 24 時間営業,土曜日: 24 時間営業,日曜日: 24 時間営業,34.990656,136.876042
140,12,ChIJSU6Iz8R9A2ARkA-qzF2TuiQ,places/ChIJSU6Iz8R9A2ARkA-qzF2TuiQ,カラオケJOYJOY 東海富木島店,愛知県東海市富木島町伏見１丁目１７−２０,052-603-2228,https://www.joyjoy.co.jp/store/view/Tokai-Fukishima,https://maps.google.com/?cid=2646589762108526480,"月曜日: 0時00分～6時00分, 10時00分～6時00分",火曜日: 10時00分～6時00分,水曜日: 10時00分～6時00分,木曜日: 10時00分～6時00分,金曜日: 10時00分～0時00分,土曜日: 24 時間営業,日曜日: 24 時間営業,35.020919,136.912916
141,13,ChIJy6ZLbj6NGGAR1onhqrVO6YI,places/ChIJy6ZLbj6NGGAR1onhqrVO6YI,カラオケまねきねこ 渋谷本店,東京都渋谷区道玄坂２丁目２９−５ 4F,03-6452-5704,https://www.karaokemanekineko.jp/locations/?id=660,https://maps.google.com/?cid=9433157436667169238,月曜日: 24 時間営業,火曜日: 24 時間営業,水曜日: 24 時間営業,木曜日: 24 時間営業,金曜日: 24 時間営業,土曜日: 24 時間営業,日曜日: 24 時間営業,35.659504,139.698281
142,13,ChIJg95xrmiNGGARWp054J6nrx4,places/ChIJg95xrmiNGGARWp054J6nrx4,カラオケまねきねこ 渋谷センター街店,東京都渋谷区宇田川町２９−４ ゼンモール 4・5・6F,03-6452-5401,https://www.karaokemanekineko.jp/locations/?id=726,https://maps.google.com/?cid=2211170242870746458,月曜日: 24 時間営業,火曜日: 24 時間営業,水曜日: 24 時間営業,木曜日: 24 時間営業,金曜日: 24 時間営業,土曜日: 24 時間営業,日曜日: 24 時間営業,35.660634,139.698357
143,13,ChIJG_GGniaNGGARyI1sZ-V6WhE,places/ChIJG_GGniaNGGARyI1sZ-V6WhE,カラオケまねきねこ 渋谷道玄坂店,東京都渋谷区道玄坂２丁目６−１６ 井門道玄坂ビル 6F,03-6416-0525,https://www.karaokemanekineko.jp/locations/?id=724,https://maps.google.com/?cid=1250446972250000840,"月曜日: 0時00分～6時00分, 12時00分～6時00分",火曜日: 12時00分～6時00分,水曜日: 12時00分～6時00分,木曜日: 12時00分～6時00分,金曜日: 12時00分～0時00分,土曜日: 24 時間営業,日曜日: 24 時間営業,35.658982,139.698682
144,13,ChIJQ-hQ20WNGGARWiln1aoUC8c,places/ChIJQ-hQ20WNGGARWiln1aoUC8c,カラオケまねきねこ 渋谷ちとせ会館店,東京都渋谷区宇田川町１３−８ 渋谷ちとせ会館5F,03-5428-4410,https://www.karaokemanekineko.jp/locations/?id=580,https://maps.google.com/?cid=14342580162248780122,"月曜日: 0時00分～6時00分, 12時00分～6時00分",火曜日: 12時00分～6時00分,水曜日: 12時00分～6時00分,木曜日: 12時00分～6時00分,金曜日: 12時00分～0時00分,土曜日: 24 時間営業,日曜日: 24 時間営業,35.661122,139.698547
145,13,ChIJP8xY-BnzGGARuAsQJTc02s8,places/ChIJP8xY-BnzGGARuAsQJTc02s8,カラオケまねきねこ 笹塚店,東京都渋谷区笹塚１丁目５８−５ 寿ビル 4F,03-6276-0563,https://www.karaokemanekineko.jp/locations/?id=469,https://maps.google.com/?cid=14977340922223659960,月曜日: 9時00分～5時00分,火曜日: 9時00分～5時00分,水曜日: 9時00分～5時00分,木曜日: 9時00分～5時00分,金曜日: 9時00分～5時00分,土曜日: 9時00分～5時00分,日曜日: 9時00分～5時00分,35.673619,139.665737
146,13,ChIJcXN2MzvzGGARHqgeiOp5lvE,places/ChIJcXN2MzvzGGARHqgeiOp5lvE,カラオケまねきねこ 幡ヶ谷駅前店,東京都渋谷区幡ケ谷２丁目７−２ 幡ケ谷ニューセンタービル ４Ｆ,03-6276-8227,https://www.karaokemanekineko.jp/locations/?id=495,https://maps.google.com/?cid=17408235457860249630,月曜日: 24 時間営業,火曜日: 24 時間営業,水曜日: 24 時間営業,木曜日: 24 時間営業,金曜日: 24 時間営業,土曜日: 24 時間営業,日曜日: 24 時間営業,35.677787,139.677522
147,13,ChIJv_8LptmLGGARn1QmAxldaAk,places/ChIJv_8LptmLGGARn1QmAxldaAk,カラオケまねきねこ 恵比寿東口店,東京都渋谷区恵比寿１丁目１０−７ T.I.B ビル ４Ｆ,03-6721-7307,https://www.karaokemanekineko.jp/locations/?id=691,https://maps.google.com/?cid=677894105927668895,月曜日: 24 時間営業,火曜日: 24 時間営業,水曜日: 24 時間営業,木曜日: 24 時間営業,金曜日: 24 時間営業,土曜日: 24 時間営業,日曜日: 24 時間営業,35.646939,139.710823
148,13,ChIJewvCwFeLGGARyhMftIcGry0,places/ChIJewvCwFeLGGARyhMftIcGry0,カラオケ JOYSOUND 渋谷南口駅前店,東京都渋谷区道玄坂１丁目３−１ 渋谷駅前会館(飯島ビル) ９Ｆ,03-5428-6016,https://shop.joysound.com/shop/joysound-shibuyaminamiguchi/,https://maps.google.com/?cid=3291857032543409098,月曜日: 11時00分～5時00分,火曜日: 11時00分～5時00分,水曜日: 11時00分～5時00分,木曜日: 11時00分～5時00分,金曜日: 11時00分～5時00分,土曜日: 11時00分～5時00分,日曜日: 11時00分～5時00分,35.658377,139.699874
149,13,ChIJG5XctFeLGGAR6zf2R1fm1BE,places/ChIJG5XctFeLGGAR6zf2R1fm1BE,カラオケ JOYSOUND 渋谷道玄坂店,東京都渋谷区道玄坂１丁目１１−３ フォースワンビル ３階,03-3464-1141,https://shop.joysound.com/shop/joysound-shibuyadougenzaka/,https://maps.google.com/?cid=1284905056251295723,月曜日: 13時00分～5時00分,火曜日: 13時00分～5時00分,水曜日: 13時00分～5時00分,木曜日: 13時00分～5時00分,金曜日: 13時00分～5時00分,土曜日: 11時00分～5時00分,日曜日: 11時00分～5時00分,35.657697,139.698855
150,13,ChIJI7K40q-NGGARSkmgqjR5-5w,places/ChIJI7K40q-NGGARSkmgqjR5-5w,カラオケ ビッグエコー 渋谷センター街本店,東京都渋谷区宇田川町２１−８ 渋谷平和ビル,03-5784-3581,https://big-echo.jp/shop_info/%E3%82%AB%E3%83%A9%E3%82%AA%E3%82%B1-%E3%83%93%E3%83%83%E3%82%B0%E3%82%A8%E3%82%B3%E3%83%BC%E6%B8%8B%E8%B0%B7%E3%82%BB%E3%83%B3%E3%82%BF%E3%83%BC%E8%A1%97%E6%9C%AC%E5%BA%97,https://maps.google.com/?cid=11311768156179024202,月曜日: 24 時間営業,火曜日: 24 時間営業,水曜日: 24 時間営業,木曜日: 24 時間営業,金曜日: 24 時間営業,土曜日: 24 時間営業,日曜日: 24 時間営業,35.660018,139.700024
151,13,ChIJ96xsBliLGGARfzGDFet0iDk,places/ChIJ96xsBliLGGARfzGDFet0iDk,カラオケ ビッグエコー 渋谷宮益坂口駅前店,東京都渋谷区渋谷１丁目２４−１２ 東映プラザビル 6F,03-6418-9641,https://big-echo.jp/shop_info/%E3%83%93%E3%83%83%E3%82%B0%E3%82%A8%E3%82%B3%E3%83%BC%E6%B8%8B%E8%B0%B7%E5%AE%AE%E7%9B%8A%E5%9D%82%E5%8F%A3%E9%A7%85%E5%89%8D%E5%BA%97,https://maps.google.com/?cid=4145692010021597567,月曜日: 10時00分～5時00分,火曜日: 10時00分～5時00分,水曜日: 10時00分～5時00分,木曜日: 10時00分～5時00分,金曜日: 10時00分～5時00分,土曜日: 10時00分～5時00分,日曜日: 10時00分～5時00分,35.659985,139.701951
152,13,ChIJ20_vI4yLGGARzx1dY9mf4vA,places/ChIJ20_vI4yLGGARzx1dY9mf4vA,カラオケ ビッグエコー 渋谷道玄坂店,東京都渋谷区道玄坂２丁目６−１１ 渋谷プラザビル 4F、5F,03-5428-6700,https://big-echo.jp/shop_info/%E6%B8%8B%E8%B0%B7%E9%81%93%E7%8E%84%E5%9D%82%E5%BA%97,https://maps.google.com/?cid=17357611669863079375,月曜日: 11時00分～5時00分,火曜日: 11時00分～5時00分,水曜日: 11時00分～5時00分,木曜日: 11時00分～5時00分,金曜日: 11時00分～5時00分,土曜日: 10時00分～5時00分,日曜日: 10時00分～5時00分,35.658777,139.698493
153,13,ChIJG1ubb0CLGGARxA2Cn6pjOqw,places/ChIJG1ubb0CLGGARxA2Cn6pjOqw,カラオケ ビッグエコー 恵比寿南店,東京都渋谷区恵比寿南１丁目１４−１５ ラ・レンヌ恵比寿 2F,03-5794-8077,https://big-echo.jp/shop_info/%E3%83%93%E3%83%83%E3%82%B0%E3%82%A8%E3%82%B3%E3%83%BC%E6%81%B5%E6%AF%94%E5%AF%BF%E5%8D%97%E5%BA%97,https://maps.google.com/?cid=12410341307644513732,月曜日: 14時00分～5時00分,火曜日: 14時00分～5時00分,水曜日: 14時00分～5時00分,木曜日: 14時00分～5時00分,金曜日: 14時00分～6時00分,土曜日: 11時00分～6時00分,日曜日: 11時00分～5時00分,35.645702,139.709696
154,13,ChIJVVVFN0CLGGARD94XafcvZiQ,places/ChIJVVVFN0CLGGARD94XafcvZiQ,カラオケ ビッグエコー 恵比寿駅前店,東京都渋谷区恵比寿１丁目１０−１０ マクドナルドビル 3F,03-5791-3355,https://big-echo.jp/shop_info/%E3%83%93%E3%83%83%E3%82%B0%E3%82%A8%E3%82%B3%E3%83%BC%E6%81%B5%E6%AF%94%E5%AF%BF%E9%A7%85%E5%89%8D%E5%BA%97,https://maps.google.com/?cid=2622836572656492047,月曜日: 10時00分～5時00分,火曜日: 10時00分～5時00分,水曜日: 10時00分～5時00分,木曜日: 10時00分～5時00分,金曜日: 10時00分～6時00分,土曜日: 10時00分～6時00分,日曜日: 10時00分～5時00分,35.647069,139.710483
155,13,ChIJqRqjC0GLGGARx2xPKNK6N64,places/ChIJqRqjC0GLGGARx2xPKNK6N64,カラオケ ビッグエコー プライム恵比寿2号店,東京都渋谷区恵比寿西１丁目７−３ 恵比寿グルマンビル 1F,03-5459-2333,https://big-echo.jp/shop_info/%E3%83%93%E3%83%83%E3%82%B0%E3%82%A8%E3%82%B3%E3%83%BC%E3%83%97%E3%83%A9%E3%82%A4%E3%83%A0%E6%81%B5%E6%AF%94%E5%AF%BF%EF%BC%92%E5%8F%B7%E5%BA%97,https://maps.google.com/?cid=12553707898100739271,月曜日: 11時00分～7時00分,火曜日: 11時00分～7時00分,水曜日: 11時00分～7時00分,木曜日: 11時00分～7時00分,金曜日: 11時00分～7時00分,土曜日: 11時00分～7時00分,日曜日: 11時00分～7時00分,35.647916,139.708789
156,13,ChIJtcqFCUGLGGAR-HNA7Q3KeM4,places/ChIJtcqFCUGLGGAR-HNA7Q3KeM4,カラオケ ビッグエコー プライム恵比寿店,東京都渋谷区恵比寿西１丁目７−４ エビスファーストビル 2Ｆ,03-5456-3030,https://big-echo.jp/shop_info/%E3%83%93%E3%83%83%E3%82%B0%E3%82%A8%E3%82%B3%E3%83%BC%E3%83%97%E3%83%A9%E3%82%A4%E3%83%A0%E6%81%B5%E6%AF%94%E5%AF%BF%E5%BA%97,https://maps.google.com/?cid=14877863530182243320,月曜日: 19時00分～5時00分,火曜日: 19時00分～5時00分,水曜日: 19時00分～5時00分,木曜日: 19時00分～5時00分,金曜日: 19時00分～6時00分,土曜日: 14時00分～6時00分,日曜日: 14時00分～5時00分,35.647765,139.708948
157,13,ChIJSTwjH0CLGGARnUsmJncDE70,places/ChIJSTwjH0CLGGARnUsmJncDE70,カラオケ ビッグエコー 恵比寿東口店,東京都渋谷区恵比寿１丁目１１−１ 恵比寿ビル ＤＫ 5Ｆ・6Ｆ,03-5447-5488,https://big-echo.jp/shop_info/%E3%82%AB%E3%83%A9%E3%82%AA%E3%82%B1%E3%80%80%E3%83%93%E3%83%83%E3%82%B0%E3%82%A8%E3%82%B3%E3%83%BC%E3%80%80%E6%81%B5%E6%AF%94%E5%AF%BF%E6%9D%B1%E5%8F%A3%E5%BA%97,https://maps.google.com/?cid=13624237108001917853,月曜日: 13時00分～5時00分,火曜日: 13時00分～5時00分,水曜日: 13時00分～5時00分,木曜日: 13時00分～5時00分,金曜日: 13時00分～6時00分,土曜日: 13時00分～6時00分,日曜日: 13時00分～5時00分,35.646749,139.711422
158,13,ChIJx8UupqmMGGARkAX1Psqztek,places/ChIJx8UupqmMGGARkAX1Psqztek,カラオケ館 渋谷本店,東京都渋谷区宇田川町２５−６ 渋谷Ｂ＆Ｖビル,03-5728-6430,https://karaokekan.jp/shop/detail/35,https://maps.google.com/?cid=16840564062842848656,月曜日: 9時00分～5時00分,火曜日: 9時00分～5時00分,水曜日: 9時00分～5時00分,木曜日: 9時00分～5時00分,金曜日: 9時00分～7時00分,土曜日: 9時00分～7時00分,日曜日: 9時00分～5時00分,35.660439,139.698704
159,13,ChIJSxKhmamMGGARjp0e1kMoCT4,places/ChIJSxKhmamMGGARjp0e1kMoCT4,カラオケ館 渋谷文化村通り店,東京都渋谷区道玄坂２丁目２５−１１ 富田ビル,03-5428-8700,https://karaokekan.jp/shop/detail/33,https://maps.google.com/?cid=4470148376962178446,月曜日: 11時00分～5時00分,火曜日: 11時00分～5時00分,水曜日: 11時00分～5時00分,木曜日: 11時00分～5時00分,金曜日: 11時00分～6時00分,土曜日: 11時00分～6時00分,日曜日: 11時00分～5時00分,35.660236,139.697265
160,13,ChIJ9fvGqKmMGGARMl8j1JuabWk,places/ChIJ9fvGqKmMGGARMl8j1JuabWk,カラオケ館 渋谷店,東京都渋谷区宇田川町３０−８ K&Fビル,03-3462-0785,https://karaokekan.jp/shop/detail/30,https://maps.google.com/?cid=7596898140513591090,月曜日: 11時00分～5時00分,火曜日: 11時00分～5時00分,水曜日: 11時00分～5時00分,木曜日: 11時00分～5時00分,金曜日: 11時00分～6時00分,土曜日: 11時00分～6時00分,日曜日: 11時00分～5時00分,35.660893,139.69817
161,13,ChIJzVTODFiLGGARzgyfPjKhcpw,places/ChIJzVTODFiLGGARzgyfPjKhcpw,カラオケ館 渋谷東口店,東京都渋谷区渋谷１丁目１４−１５ 第１０５東京ビル,03-5485-5757,https://karaokekan.jp/shop/detail/32,https://maps.google.com/?cid=11273250054432820430,月曜日: 11時00分～5時00分,火曜日: 11時00分～5時00分,水曜日: 11時00分～5時00分,木曜日: 11時00分～5時00分,金曜日: 11時00分～6時00分,土曜日: 11時00分～6時00分,日曜日: 11時00分～5時00分,35.660125,139.702516
162,13,ChIJEbz5nqSMGGARlRnD_pHc_9Y,places/ChIJEbz5nqSMGGARlRnD_pHc_9Y,カラオケ館 原宿3号店,東京都渋谷区神宮前１丁目８−８ ＣＯＸＹ１８８ビル b1f,03-6438-0258,https://karaokekan.jp/shop/detail/34,https://maps.google.com/?cid=15492343762780363157,月曜日: 11時00分～5時00分,火曜日: 11時00分～5時00分,水曜日: 11時00分～5時00分,木曜日: 11時00分～5時00分,金曜日: 11時00分～5時00分,土曜日: 11時00分～5時00分,日曜日: 11時00分～5時00分,35.669987,139.706146
163,13,ChIJeSARaKSMGGARyksYSptq9qk,places/ChIJeSARaKSMGGARyksYSptq9qk,カラオケ館 原宿店,東京都渋谷区神宮前６丁目５−６ サンポウ綜合ビル B1F,03-5467-8226,https://karaokekan.jp/shop/detail/31,https://maps.google.com/?cid=12247093451876223946,月曜日: 11時00分～5時00分,火曜日: 11時00分～5時00分,水曜日: 11時00分～5時00分,木曜日: 11時00分～5時00分,金曜日: 11時00分～5時00分,土曜日: 11時00分～5時00分,日曜日: 11時00分～5時00分,35.6679,139.705192
164,13,ChIJI9dOV8-MGGARHhtmKgXdR4o,places/ChIJI9dOV8-MGGARHhtmKgXdR4o,カラオケ館 代々木店,東京都渋谷区代々木１丁目３７−７ 勝栄ビル 1F,03-5302-0577,https://karaokekan.jp/shop/detail/29,https://maps.google.com/?cid=9964175714836421406,月曜日: 9時00分～5時00分,火曜日: 9時00分～5時00分,水曜日: 9時00分～5時00分,木曜日: 9時00分～5時00分,金曜日: 9時00分～5時00分,土曜日: 9時00分～5時00分,日曜日: 9時00分～5時00分,35.68356,139.701116
165,13,ChIJe5MIdKiMGGARcm5DIGmTTRY,places/ChIJe5MIdKiMGGARcm5DIGmTTRY,カラオケパセラ 渋谷店,東京都渋谷区神南１丁目２２−９ パセラリゾーツ渋谷店 １Ｆ,0120-428-875,https://www.pasela.co.jp/shop/shibuya/,https://maps.google.com/?cid=1607102721763274354,月曜日: 8時00分～5時00分,火曜日: 8時00分～5時00分,水曜日: 8時00分～5時00分,木曜日: 8時00分～5時00分,金曜日: 8時00分～5時00分,土曜日: 9時30分～5時00分,日曜日: 9時30分～5時00分,35.661297,139.701082
166,13,ChIJDzDrramMGGAR2KNJozYgv6A,places/ChIJDzDrramMGGAR2KNJozYgv6A,カラオケの鉄人 渋谷センター街店,東京都渋谷区宇田川町２９−２ キラクビル 2F-6F,03-5459-3401,https://www.karatetsu.com/tenpo/shibuya/,https://maps.google.com/?cid=11583012185660040152,月曜日: 11時00分～6時00分,火曜日: 11時00分～6時00分,水曜日: 11時00分～6時00分,木曜日: 11時00分～6時00分,金曜日: 11時00分～6時00分,土曜日: 11時00分～6時00分,日曜日: 11時00分～6時00分,35.660581,139.698536
167,13,ChIJDzDrramMGGARXRWiKlY3opg,places/ChIJDzDrramMGGARXRWiKlY3opg,カラオケの鉄人 渋谷道玄坂店,東京都渋谷区道玄坂２丁目２９−１１ 第六セントラルビル セントラルビル,03-6416-5681,https://www.karatetsu.com/tenpo/shibuya-dogenzaka/,https://maps.google.com/?cid=10998414083214153053,月曜日: 11時00分～6時00分,火曜日: 11時00分～6時00分,水曜日: 11時00分～6時00分,木曜日: 11時00分～6時00分,金曜日: 11時00分～6時00分,土曜日: 11時00分～6時00分,日曜日: 11時00分～6時00分,35.659444,139.697938
168,13,ChIJN2bssEGLGGARmn-5gNljDrw,places/ChIJN2bssEGLGGARmn-5gNljDrw,カラオケの鉄人 恵比寿駅前店,東京都渋谷区恵比寿１丁目８−４ Cocospace恵比寿 5F-8F,03-5422-7301,https://www.karatetsu.com/tenpo/ebisu-ekimae/,https://maps.google.com/?cid=13550878114623094682,月曜日: 10時00分～6時00分,火曜日: 10時00分～6時00分,水曜日: 10時00分～6時00分,木曜日: 10時00分～6時00分,金曜日: 10時00分～8時00分,土曜日: 10時00分～8時00分,日曜日: 10時00分～6時00分,35.647604,139.710424
169,13,ChIJs6ViNaiMGGARqr4J4GlgR70,places/ChIJs6ViNaiMGGARqr4J4GlgR70,カラオケルーム歌広場 渋谷センター街別館,東京都渋谷区宇田川町２６−９ 太田ビル 2階,03-3464-3521,https://www.utahiro.com/store/storelist/storeinfo/tabid/64/pdid/0092/Default.aspx,https://maps.google.com/?cid=13638976004361404074,月曜日: 11時00分～6時00分,火曜日: 11時00分～6時00分,水曜日: 11時00分～6時00分,木曜日: 11時00分～6時00分,金曜日: 11時00分～6時00分,土曜日: 11時00分～6時00分,日曜日: 11時00分～6時00分,35.660253,139.698852
170,13,ChIJgZWF9liLGGART_QklumL17o,places/ChIJgZWF9liLGGART_QklumL17o,カラオケルーム歌広場 渋谷宮益坂店,東京都渋谷区渋谷２丁目１９−１７ 第106東京ビル 6階,03-5485-9051,https://www.utahiro.com/store/storelist/storeinfo/tabid/64/pdid/0017/Default.aspx,https://maps.google.com/?cid=13463383446410032207,月曜日: 11時00分～6時00分,火曜日: 11時00分～6時00分,水曜日: 11時00分～6時00分,木曜日: 11時00分～6時00分,金曜日: 11時00分～6時00分,土曜日: 11時00分～6時00分,日曜日: 11時00分～6時00分,35.659645,139.704165
171,13,ChIJO2REtKmMGGAR7a_a2JJIOm4,places/ChIJO2REtKmMGGAR7a_a2JJIOm4,カラオケルーム歌広場 渋谷センター街本館,東京都渋谷区宇田川町２７−６ 渋谷Tビル 5F,03-3770-7656,https://www.utahiro.com/store/storelist/storeinfo/tabid/64/pdid/0094/Default.aspx,https://maps.google.com/?cid=7942740688361926637,"月曜日: 0時00分～6時00分, 11時00分～6時00分",火曜日: 11時00分～6時00分,水曜日: 11時00分～6時00分,木曜日: 11時00分～6時00分,金曜日: 11時00分～0時00分,土曜日: 24 時間営業,日曜日: 24 時間営業,35.660176,139.698522
172,13,ChIJ0aIQ_KmMGGARvePb4HychYQ,places/ChIJ0aIQ_KmMGGARvePb4HychYQ,カラオケルーム歌広場 渋谷道玄坂店,東京都渋谷区道玄坂２丁目１６−７ イマス道玄坂ビル,03-3780-9771,https://www.utahiro.com/store/storelist/storeinfo/tabid/64/pdid/0097/Default.aspx,https://maps.google.com/?cid=9549210645071389629,"月曜日: 0時00分～6時00分, 11時00分～6時00分",火曜日: 11時00分～6時00分,水曜日: 11時00分～6時00分,木曜日: 11時00分～6時00分,金曜日: 11時00分～0時00分,土曜日: 24 時間営業,日曜日: 24 時間営業,35.658354,139.696632
173,13,ChIJARdtBqmMGGARqaFv5BdKxQs,places/ChIJARdtBqmMGGARqaFv5BdKxQs,カラオケルーム歌広場 渋谷宇田川交番前店,東京都渋谷区宇田川町１３−１１ KN渋谷1 5階,03-3462-7038,https://www.utahiro.com/store/storelist/storeinfo/tabid/64/pdid/0081/Default.aspx,https://maps.google.com/?cid=848165571306430889,月曜日: 11時00分～6時00分,火曜日: 11時00分～6時00分,水曜日: 11時00分～6時00分,木曜日: 11時00分～6時00分,金曜日: 11時00分～6時00分,土曜日: 11時00分～6時00分,日曜日: 11時00分～6時00分,35.661264,139.698286
174,13,ChIJ44xU_8WMGGARYq_aDFmO9xs,places/ChIJ44xU_8WMGGARYq_aDFmO9xs,カラオケルーム歌広場 代々木店,東京都渋谷区代々木１丁目３８−番２号 ミヤタビルディング B1階,03-3320-6500,https://www.utahiro.com/store/storelist/storeinfo/tabid/64/pdid/0052/Default.aspx,https://maps.google.com/?cid=2015235871390478178,月曜日: 11時00分～5時00分,火曜日: 11時00分～5時00分,水曜日: 11時00分～5時00分,木曜日: 11時00分～5時00分,金曜日: 11時00分～5時00分,土曜日: 11時00分～5時00分,日曜日: 11時00分～5時00分,35.683253,139.701356
175,13,ChIJg70DYsGNGGARYmK3HjJ-dsU,places/ChIJg70DYsGNGGARYmK3HjJ-dsU,カラオケBanBan 渋谷センター街店,東京都渋谷区宇田川町２５−３ 渋谷プリンスビル３Ｆ･４Ｆ,050-3134-0980,https://karaoke-shin.jp/shop-list/792.html,https://maps.google.com/?cid=14228698826452460130,月曜日: 24 時間営業,火曜日: 24 時間営業,水曜日: 24 時間営業,木曜日: 24 時間営業,金曜日: 24 時間営業,土曜日: 24 時間営業,日曜日: 24 時間営業,35.660334,139.699177
176,13,ChIJ0zU-NZiLGGARN-GAQ6ZWbMY,places/ChIJ0zU-NZiLGGARN-GAQ6ZWbMY,カラオケBanBan 渋谷三丁目店,東京都渋谷区渋谷３丁目１７−１ SAYEGUSA BUILDING,050-3134-0920,https://karaoke-shin.jp/shop-list/697.html,https://maps.google.com/?cid=14297898189091561783,月曜日: 12時00分～6時00分,火曜日: 12時00分～6時00分,水曜日: 12時00分～6時00分,木曜日: 12時00分～6時00分,金曜日: 12時00分～6時00分,土曜日: 12時00分～6時00分,日曜日: 12時00分～6時00分,35.656895,139.704163
177,13,ChIJcYbI_kfzGGARrrzEpVvDEnM,places/ChIJcYbI_kfzGGARrrzEpVvDEnM,カラオケBanBan 代々木上原店,東京都渋谷区西原３丁目７−６ 株式会社大又ビル 地下1F,050-3134-0519,https://karaoke-shin.jp/shop-list/013.html,https://maps.google.com/?cid=8291904662333078702,月曜日: 17時00分～5時00分,火曜日: 17時00分～5時00分,水曜日: 17時00分～5時00分,木曜日: 17時00分～5時00分,金曜日: 17時00分～5時00分,土曜日: 17時00分～5時00分,日曜日: 17時00分～5時00分,35.66982,139.680669
178,13,ChIJFcOMuleLGGAROaKFSO2cLU4,places/ChIJFcOMuleLGGAROaKFSO2cLU4,カラオケ747 渋谷道玄坂店,東京都渋谷区道玄坂１丁目７−１ 第1渋観ビル 2F,03-5489-9747,http://www.karaoke747.jp/shop/2012/11/747-3.html,https://maps.google.com/?cid=5633331251848258105,月曜日: 18時00分～5時00分,火曜日: 18時00分～5時00分,水曜日: 18時00分～5時00分,木曜日: 18時00分～5時00分,金曜日: 18時00分～5時00分,土曜日: 18時00分～5時00分,日曜日: 18時00分～5時00分,35.657645,139.699581